accessionNumber,filingDate,reportDate,acceptanceDateTime,act,form,fileNumber,filmNumber,items,size,isXBRL,isInlineXBRL,primaryDocument,primaryDocDescription,ticker,report_url
0000101778-24-000023,2024-02-22,2023-12-31,2024-02-22T16:33:31.000Z,34,10-K,001-05153,24665402,,37363485,1,1,mro-20231231.htm,10-K,MRO,https://www.sec.gov/ixviewer/ix.html?doc=/Archives/edgar/data/101778/000010177824000023/mro-20231231.htm
0000101778-23-000146,2023-11-02,2023-09-30,2023-11-02T16:21:32.000Z,34,10-Q,001-05153,231372683,,11308006,1,1,mro-20230930.htm,10-Q,MRO,https://www.sec.gov/ixviewer/ix.html?doc=/Archives/edgar/data/101778/000010177823000146/mro-20230930.htm
0000101778-23-000107,2023-08-03,2023-06-30,2023-08-03T16:08:15.000Z,34,10-Q,001-05153,231139959,,10194187,1,1,mro-20230630.htm,10-Q,MRO,https://www.sec.gov/ixviewer/ix.html?doc=/Archives/edgar/data/101778/000010177823000107/mro-20230630.htm
0000101778-23-000096,2023-05-04,2023-03-31,2023-05-04T16:04:44.000Z,34,10-Q,001-05153,23888556,,9078026,1,1,mro-20230331.htm,10-Q,MRO,https://www.sec.gov/ixviewer/ix.html?doc=/Archives/edgar/data/101778/000010177823000096/mro-20230331.htm
0000101778-23-000030,2023-02-16,2022-12-31,2023-02-16T16:12:52.000Z,34,10-K,001-05153,23638645,,22321967,1,1,mro-20221231.htm,10-K,MRO,https://www.sec.gov/ixviewer/ix.html?doc=/Archives/edgar/data/101778/000010177823000030/mro-20221231.htm
0000101778-22-000192,2022-11-03,2022-09-30,2022-11-03T16:08:54.000Z,34,10-Q,001-05153,221358024,,12140007,1,1,mro-20220930.htm,10-Q,MRO,https://www.sec.gov/ixviewer/ix.html?doc=/Archives/edgar/data/101778/000010177822000192/mro-20220930.htm
0000101778-22-000168,2022-08-04,2022-06-30,2022-08-04T16:03:38.000Z,34,10-Q,001-05153,221136416,,11700481,1,1,mro-20220630.htm,10-Q,MRO,https://www.sec.gov/ixviewer/ix.html?doc=/Archives/edgar/data/101778/000010177822000168/mro-20220630.htm
0000101778-22-000118,2022-05-05,2022-03-31,2022-05-05T16:01:47.000Z,34,10-Q,001-05153,22896036,,9351443,1,1,mro-20220331.htm,10-Q,MRO,https://www.sec.gov/ixviewer/ix.html?doc=/Archives/edgar/data/101778/000010177822000118/mro-20220331.htm
0000101778-22-000016,2022-02-17,2021-12-31,2022-02-17T16:18:00.000Z,34,10-K,001-05153,22648343,,22213129,1,1,mro-20211231.htm,10-K,MRO,https://www.sec.gov/ixviewer/ix.html?doc=/Archives/edgar/data/101778/000010177822000016/mro-20211231.htm
0000101778-21-000109,2021-11-04,2021-09-30,2021-11-04T16:09:16.000Z,34,10-Q,001-05153,211379988,,12946649,1,1,mro-20210930.htm,10-Q,MRO,https://www.sec.gov/ixviewer/ix.html?doc=/Archives/edgar/data/101778/000010177821000109/mro-20210930.htm
0000101778-21-000099,2021-08-05,2021-06-30,2021-08-05T16:08:37.000Z,34,10-Q,001-05153,211148206,,11994535,1,1,mro-20210630.htm,10-Q,MRO,https://www.sec.gov/ixviewer/ix.html?doc=/Archives/edgar/data/101778/000010177821000099/mro-20210630.htm
0000101778-21-000083,2021-05-06,2021-03-31,2021-05-06T16:08:51.000Z,34,10-Q,001-05153,21897789,,9558927,1,1,mro-20210331.htm,10-Q,MRO,https://www.sec.gov/ixviewer/ix.html?doc=/Archives/edgar/data/101778/000010177821000083/mro-20210331.htm
0000101778-21-000018,2021-02-23,2020-12-31,2021-02-23T16:11:47.000Z,34,10-K,001-05153,21665481,,22475759,1,1,mro-20201231.htm,10-K,MRO,https://www.sec.gov/ixviewer/ix.html?doc=/Archives/edgar/data/101778/000010177821000018/mro-20201231.htm
0000101778-20-000111,2020-11-05,2020-09-30,2020-11-05T16:17:43.000Z,34,10-Q,001-05153,201290685,,12573385,1,1,mro-20200930.htm,10-Q,MRO,https://www.sec.gov/ixviewer/ix.html?doc=/Archives/edgar/data/101778/000010177820000111/mro-20200930.htm
0000101778-20-000103,2020-08-06,2020-06-30,2020-08-06T16:02:12.000Z,34,10-Q,001-05153,201081461,,14784319,1,1,mro-20200630.htm,10-Q,MRO,https://www.sec.gov/ixviewer/ix.html?doc=/Archives/edgar/data/101778/000010177820000103/mro-20200630.htm
0000101778-20-000081,2020-05-07,2020-03-31,2020-05-07T16:33:58.000Z,34,10-Q,001-05153,20857025,,12267790,1,1,mro-2020331x10q.htm,10-Q,MRO,https://www.sec.gov/ixviewer/ix.html?doc=/Archives/edgar/data/101778/000010177820000081/mro-2020331x10q.htm
0000101778-20-000023,2020-02-20,2019-12-31,2020-02-20T16:42:06.000Z,34,10-K,001-05153,20635815,,25021904,1,1,mro-20191231x10k2019.htm,10-K,MRO,https://www.sec.gov/ixviewer/ix.html?doc=/Archives/edgar/data/101778/000010177820000023/mro-20191231x10k2019.htm
0000101778-19-000113,2019-11-07,2019-09-30,2019-11-07T16:34:06.000Z,34,10-Q,001-05153,191200875,,13945437,1,1,mro-20190930x10q.htm,10-Q,MRO,https://www.sec.gov/ixviewer/ix.html?doc=/Archives/edgar/data/101778/000010177819000113/mro-20190930x10q.htm
0000101778-19-000093,2019-08-08,2019-06-30,2019-08-08T16:35:53.000Z,34,10-Q,001-05153,191010091,,13074002,1,1,mro-20190630x10q.htm,10-Q,MRO,https://www.sec.gov/ixviewer/ix.html?doc=/Archives/edgar/data/101778/000010177819000093/mro-20190630x10q.htm
0000101778-19-000070,2019-05-02,2019-03-31,2019-05-02T16:35:37.000Z,34,10-Q,001-05153,19792458,,10269322,1,1,mro-20190331x10q.htm,10-Q,MRO,https://www.sec.gov/ixviewer/ix.html?doc=/Archives/edgar/data/101778/000010177819000070/mro-20190331x10q.htm
0000101778-19-000022,2019-02-21,2018-12-31,2019-02-21T16:53:44.000Z,34,10-K,001-05153,19622591,,24005752,1,0,mro-20181231x10kq42018.htm,10-K,MRO,https://www.sec.gov/ixviewer/ix.html?doc=/Archives/edgar/data/101778/000010177819000022/mro-20181231x10kq42018.htm
0000101778-18-000118,2018-11-08,2018-09-30,2018-11-08T16:46:51.000Z,34,10-Q,001-05153,181170306,,11684256,1,0,mro-20180930x10q.htm,10-Q,MRO,https://www.sec.gov/ixviewer/ix.html?doc=/Archives/edgar/data/101778/000010177818000118/mro-20180930x10q.htm
0000101778-18-000107,2018-08-02,2018-06-30,2018-08-02T16:38:17.000Z,34,10-Q,001-05153,18988930,,10671213,1,0,mro-20180630x10q.htm,10-Q,MRO,https://www.sec.gov/ixviewer/ix.html?doc=/Archives/edgar/data/101778/000010177818000107/mro-20180630x10q.htm
0000101778-18-000091,2018-05-03,2018-03-31,2018-05-03T16:36:10.000Z,34,10-Q,001-05153,18804404,,8695951,1,0,mro-20180331x10q.htm,10-Q,MRO,https://www.sec.gov/ixviewer/ix.html?doc=/Archives/edgar/data/101778/000010177818000091/mro-20180331x10q.htm
0000101778-18-000026,2018-02-22,2017-12-31,2018-02-22T17:14:17.000Z,34,10-K,001-05153,18633513,,25307131,1,0,mro-20171231x10kq42017.htm,10-K,MRO,https://www.sec.gov/ixviewer/ix.html?doc=/Archives/edgar/data/101778/000010177818000026/mro-20171231x10kq42017.htm
0000101778-17-000121,2017-11-02,2017-09-30,2017-11-02T16:37:43.000Z,34,10-Q,001-05153,171172992,,11561529,1,0,mro-20170930x10q.htm,10-Q,MRO,https://www.sec.gov/ixviewer/ix.html?doc=/Archives/edgar/data/101778/000010177817000121/mro-20170930x10q.htm
0000101778-17-000108,2017-08-03,2017-06-30,2017-08-03T16:38:34.000Z,34,10-Q,001-05153,171005609,,10671171,1,0,mro-20170630x10q.htm,10-Q,MRO,https://www.sec.gov/ixviewer/ix.html?doc=/Archives/edgar/data/101778/000010177817000108/mro-20170630x10q.htm
0000101778-17-000078,2017-05-05,2017-03-31,2017-05-05T16:50:12.000Z,34,10-Q,001-05153,17819080,,9194115,1,0,mro-20170331x10q.htm,10-Q,MRO,https://www.sec.gov/ixviewer/ix.html?doc=/Archives/edgar/data/101778/000010177817000078/mro-20170331x10q.htm
0000101778-17-000046,2017-02-24,2016-12-31,2017-02-24T08:14:39.000Z,34,10-K,001-05153,17634809,,24568724,1,0,mro-20161231x10k.htm,10-K,MRO,https://www.sec.gov/ixviewer/ix.html?doc=/Archives/edgar/data/101778/000010177817000046/mro-20161231x10k.htm
0000101778-16-000103,2016-11-03,2016-09-30,2016-11-03T16:43:19.000Z,34,10-Q,001-05153,161972283,,9453487,1,0,mro-20160930x10q.htm,10-Q,MRO,https://www.sec.gov/ixviewer/ix.html?doc=/Archives/edgar/data/101778/000010177816000103/mro-20160930x10q.htm
0000101778-16-000079,2016-08-04,2016-06-30,2016-08-04T16:41:12.000Z,34,10-Q,001-05153,161808057,,8710701,1,0,mro-20160630x10q.htm,10-Q,MRO,https://www.sec.gov/ixviewer/ix.html?doc=/Archives/edgar/data/101778/000010177816000079/mro-20160630x10q.htm
0000101778-16-000067,2016-05-05,2016-03-31,2016-05-05T16:38:28.000Z,34,10-Q,001-05153,161624472,,6792250,1,0,mro-20160331x10q.htm,10-Q,MRO,https://www.sec.gov/ixviewer/ix.html?doc=/Archives/edgar/data/101778/000010177816000067/mro-20160331x10q.htm
0000101778-16-000047,2016-02-25,2015-12-31,2016-02-25T13:48:08.000Z,34,10-K,001-05153,161454981,,23129811,1,0,mro-20151231x10k.htm,10-K,MRO,https://www.sec.gov/ixviewer/ix.html?doc=/Archives/edgar/data/101778/000010177816000047/mro-20151231x10k.htm
0000101778-15-000038,2015-11-05,2015-09-30,2015-11-05T16:40:21.000Z,34,10-Q,001-05153,151201286,,9439617,1,0,mro-20150930x10q.htm,10-Q,MRO,https://www.sec.gov/ixviewer/ix.html?doc=/Archives/edgar/data/101778/000010177815000038/mro-20150930x10q.htm
0000101778-15-000026,2015-08-06,2015-06-30,2015-08-06T13:30:40.000Z,34,10-Q,001-05153,151032232,,9232276,1,0,mro-20150630x10q.htm,10-Q,MRO,https://www.sec.gov/ixviewer/ix.html?doc=/Archives/edgar/data/101778/000010177815000026/mro-20150630x10q.htm
0000101778-15-000016,2015-05-07,2015-03-31,2015-05-07T16:13:38.000Z,34,10-Q,001-05153,15841909,,8951545,1,0,mro-20150331x10q.htm,10-Q,MRO,https://www.sec.gov/ixviewer/ix.html?doc=/Archives/edgar/data/101778/000010177815000016/mro-20150331x10q.htm
0000101778-15-000007,2015-03-02,2014-12-31,2015-03-02T09:06:42.000Z,34,10-K,001-05153,15662504,,29319839,1,0,mro-20141231x10k.htm,10-K,MRO,https://www.sec.gov/ixviewer/ix.html?doc=/Archives/edgar/data/101778/000010177815000007/mro-20141231x10k.htm
0000101778-14-000078,2014-11-04,2014-09-30,2014-11-04T17:02:33.000Z,34,10-Q,001-05153,141194032,,12174135,1,0,mro-2014930x10q.htm,10-Q,MRO,https://www.sec.gov/ixviewer/ix.html?doc=/Archives/edgar/data/101778/000010177814000078/mro-2014930x10q.htm
0000101778-14-000054,2014-08-05,2014-06-30,2014-08-05T16:51:45.000Z,34,10-Q,001-05153,141016773,,12226562,1,0,mro-2014630x10q.htm,10-Q,MRO,https://www.sec.gov/ixviewer/ix.html?doc=/Archives/edgar/data/101778/000010177814000054/mro-2014630x10q.htm
0000101778-14-000026,2014-05-07,2014-03-31,2014-05-07T17:25:59.000Z,34,10-Q,001-05153,14822146,,9234823,1,0,mro-2014331x10q.htm,10-Q,MRO,https://www.sec.gov/ixviewer/ix.html?doc=/Archives/edgar/data/101778/000010177814000026/mro-2014331x10q.htm
0000101778-14-000014,2014-02-28,2013-12-31,2014-02-28T08:20:38.000Z,34,10-K,001-05153,14651557,,34500341,1,0,mro-20131231x10k.htm,10-K,MRO,https://www.sec.gov/ixviewer/ix.html?doc=/Archives/edgar/data/101778/000010177814000014/mro-20131231x10k.htm
0000101778-13-000049,2013-11-06,2013-09-30,2013-11-05T17:39:22.000Z,34,10-Q,001-05153,131193908,,11127685,1,0,mro-2013930x10q.htm,10-Q,MRO,https://www.sec.gov/ixviewer/ix.html?doc=/Archives/edgar/data/101778/000010177813000049/mro-2013930x10q.htm
0000101778-13-000034,2013-08-08,2013-06-30,2013-08-07T17:50:43.000Z,34,10-Q,001-05153,131019274,,13840860,1,0,mro-2013630x10q.htm,10-Q,MRO,https://www.sec.gov/ixviewer/ix.html?doc=/Archives/edgar/data/101778/000010177813000034/mro-2013630x10q.htm
0000101778-13-000019,2013-05-10,2013-03-31,2013-05-09T17:47:32.000Z,34,10-Q,001-05153,13830341,,8116903,1,0,mro-2013331x10q.htm,10-Q,MRO,https://www.sec.gov/ixviewer/ix.html?doc=/Archives/edgar/data/101778/000010177813000019/mro-2013331x10q.htm
0000101778-13-000006,2013-02-22,2012-12-31,2013-02-22T12:40:55.000Z,34,10-K,001-05153,13633345,,29479963,1,0,mro-20121231x10k.htm,10-K,MRO,https://www.sec.gov/ixviewer/ix.html?doc=/Archives/edgar/data/101778/000010177813000006/mro-20121231x10k.htm
0000101778-12-000029,2012-11-07,2012-09-30,2012-11-07T15:19:56.000Z,34,10-Q,001-05153,121186473,,11608313,1,0,mro-2012930x10q.htm,10-Q,MRO,https://www.sec.gov/ixviewer/ix.html?doc=/Archives/edgar/data/101778/000010177812000029/mro-2012930x10q.htm
0000034088-20-000090,2020-11-04,2020-09-30,2020-11-04T13:00:19.000Z,34,10-Q,001-02256,201285998,,6415560,1,1,xom-20200930.htm,10-Q,XOM,https://www.sec.gov/ixviewer/ix.html?doc=/Archives/edgar/data/34088/000003408820000090/xom-20200930.htm
0000093410-24-000013,2024-02-26,2023-12-31,2024-02-26T16:07:14.000Z,34,10-K,001-00368,24678720,,26497048,1,1,cvx-20231231.htm,10-K,CVX,https://www.sec.gov/ixviewer/ix.html?doc=/Archives/edgar/data/93410/000009341024000013/cvx-20231231.htm
0000093410-23-000088,2023-11-02,2023-09-30,2023-11-02T11:16:26.000Z,34,10-Q,001-00368,231370731,,10275852,1,1,cvx-20230930.htm,10-Q,CVX,https://www.sec.gov/ixviewer/ix.html?doc=/Archives/edgar/data/93410/000009341023000088/cvx-20230930.htm
0000093410-23-000079,2023-08-03,2023-06-30,2023-08-03T10:51:13.000Z,34,10-Q,001-00368,231138589,,8592297,1,1,cvx-20230630.htm,10-Q,CVX,https://www.sec.gov/ixviewer/ix.html?doc=/Archives/edgar/data/93410/000009341023000079/cvx-20230630.htm
0000093410-23-000066,2023-05-04,2023-03-31,2023-05-04T11:29:30.000Z,34,10-Q,001-00368,23887162,,8153179,1,1,cvx-20230331.htm,10-Q,CVX,https://www.sec.gov/ixviewer/ix.html?doc=/Archives/edgar/data/93410/000009341023000066/cvx-20230331.htm
0000093410-23-000009,2023-02-23,2022-12-31,2023-02-23T11:51:02.000Z,34,10-K,001-00368,23657837,,27668338,1,1,cvx-20221231.htm,10-K,CVX,https://www.sec.gov/ixviewer/ix.html?doc=/Archives/edgar/data/93410/000009341023000009/cvx-20221231.htm
0000093410-22-000075,2022-11-03,2022-09-30,2022-11-03T11:42:38.000Z,34,10-Q,001-00368,221356923,,9890958,1,1,cvx-20220930.htm,10-Q,CVX,https://www.sec.gov/ixviewer/ix.html?doc=/Archives/edgar/data/93410/000009341022000075/cvx-20220930.htm
0000093410-22-000066,2022-08-04,2022-06-30,2022-08-04T11:33:10.000Z,34,10-Q,001-00368,221135460,,9662372,1,1,cvx-20220630.htm,10-Q,CVX,https://www.sec.gov/ixviewer/ix.html?doc=/Archives/edgar/data/93410/000009341022000066/cvx-20220630.htm
0000093410-22-000026,2022-05-04,2022-03-31,2022-05-04T12:16:42.000Z,34,10-Q,001-00368,22890630,,8212012,1,1,cvx-20220331.htm,10-Q,CVX,https://www.sec.gov/ixviewer/ix.html?doc=/Archives/edgar/data/93410/000009341022000026/cvx-20220331.htm
0000093410-22-000019,2022-02-24,2021-12-31,2022-02-24T11:45:37.000Z,34,10-K,001-00368,22668315,,28652588,1,1,cvx-20211231.htm,10-K,CVX,https://www.sec.gov/ixviewer/ix.html?doc=/Archives/edgar/data/93410/000009341022000019/cvx-20211231.htm
0000093410-21-000046,2021-11-04,2021-09-30,2021-11-04T13:11:52.000Z,34,10-Q,001-00368,211379163,,9565544,1,1,cvx-20210930.htm,10-Q,CVX,https://www.sec.gov/ixviewer/ix.html?doc=/Archives/edgar/data/93410/000009341021000046/cvx-20210930.htm
0000093410-21-000036,2021-08-05,2021-06-30,2021-08-05T11:59:02.000Z,34,10-Q,001-00368,211147107,,9450208,1,1,cvx-20210630.htm,10-Q,CVX,https://www.sec.gov/ixviewer/ix.html?doc=/Archives/edgar/data/93410/000009341021000036/cvx-20210630.htm
0000093410-21-000015,2021-05-06,2021-03-31,2021-05-06T11:37:40.000Z,34,10-Q,001-00368,21896617,,8190795,1,1,cvx-20210331.htm,10-Q,CVX,https://www.sec.gov/ixviewer/ix.html?doc=/Archives/edgar/data/93410/000009341021000015/cvx-20210331.htm
0000093410-21-000009,2021-02-25,2020-12-31,2021-02-25T14:32:29.000Z,34,10-K,001-00368,21679450,,29919569,1,1,cvx-20201231.htm,10-K,CVX,https://www.sec.gov/ixviewer/ix.html?doc=/Archives/edgar/data/93410/000009341021000009/cvx-20201231.htm
0000093410-20-000050,2020-11-05,2020-09-30,2020-11-05T14:29:24.000Z,34,10-Q,001-00368,201289877,,9865365,1,1,cvx-20200930.htm,10-Q,CVX,https://www.sec.gov/ixviewer/ix.html?doc=/Archives/edgar/data/93410/000009341020000050/cvx-20200930.htm
0000093410-20-000039,2020-08-05,2020-06-30,2020-08-05T12:31:48.000Z,34,10-Q,001-00368,201076487,,11546925,1,1,cvx-20200630.htm,10-Q,CVX,https://www.sec.gov/ixviewer/ix.html?doc=/Archives/edgar/data/93410/000009341020000039/cvx-20200630.htm
0000093410-20-000020,2020-05-06,2020-03-31,2020-05-06T13:56:34.000Z,34,10-Q,001-00368,20852144,,8447364,1,1,cvx03312020-10qdoc.htm,10-Q,CVX,https://www.sec.gov/ixviewer/ix.html?doc=/Archives/edgar/data/93410/000009341020000020/cvx03312020-10qdoc.htm
0000093410-20-000010,2020-02-21,2019-12-31,2020-02-21T11:40:21.000Z,34,10-K,001-00368,20638157,,31415187,1,1,cvx12312019-10kdoc.htm,10-K,CVX,https://www.sec.gov/ixviewer/ix.html?doc=/Archives/edgar/data/93410/000009341020000010/cvx12312019-10kdoc.htm
0000093410-19-000038,2019-11-07,2019-09-30,2019-11-07T11:28:38.000Z,34,10-Q,001-00368,191198807,,10701849,1,1,cvx09302019-10qdoc.htm,10-Q,CVX,https://www.sec.gov/ixviewer/ix.html?doc=/Archives/edgar/data/93410/000009341019000038/cvx09302019-10qdoc.htm
0000093410-19-000029,2019-08-07,2019-06-30,2019-08-07T12:01:45.000Z,34,10-Q,001-00368,191004534,,10658216,1,1,cvx06302019-10qdoc.htm,10-Q,CVX,https://www.sec.gov/ixviewer/ix.html?doc=/Archives/edgar/data/93410/000009341019000029/cvx06302019-10qdoc.htm
0000093410-19-000014,2019-05-02,2019-03-31,2019-05-02T11:33:10.000Z,34,10-Q,001-00368,19790510,,9183723,1,1,cvx03312019-10qdoc.htm,10-Q,CVX,https://www.sec.gov/ixviewer/ix.html?doc=/Archives/edgar/data/93410/000009341019000014/cvx03312019-10qdoc.htm
0000093410-19-000008,2019-02-22,2018-12-31,2019-02-22T11:25:08.000Z,34,10-K,001-00368,19624520,,27942737,1,0,cvx12312018-10kdoc.htm,10-K,CVX,https://www.sec.gov/ixviewer/ix.html?doc=/Archives/edgar/data/93410/000009341019000008/cvx12312018-10kdoc.htm
0000093410-18-000035,2018-11-08,2018-09-30,2018-11-08T11:41:58.000Z,34,10-Q,001-00368,181168812,,8274558,1,0,cvx09302018-10qdoc.htm,10-Q,CVX,https://www.sec.gov/ixviewer/ix.html?doc=/Archives/edgar/data/93410/000009341018000035/cvx09302018-10qdoc.htm
0000093410-18-000029,2018-08-02,2018-06-30,2018-08-02T11:42:15.000Z,34,10-Q,001-00368,18987218,,8230186,1,0,cvx06302018-10qdoc.htm,10-Q,CVX,https://www.sec.gov/ixviewer/ix.html?doc=/Archives/edgar/data/93410/000009341018000029/cvx06302018-10qdoc.htm
0000093410-18-000016,2018-05-03,2018-03-31,2018-05-03T11:45:56.000Z,34,10-Q,001-00368,18802535,,7166094,1,0,cvx03312018-10qdoc.htm,10-Q,CVX,https://www.sec.gov/ixviewer/ix.html?doc=/Archives/edgar/data/93410/000009341018000016/cvx03312018-10qdoc.htm
0000093410-18-000010,2018-02-22,2017-12-31,2018-02-22T11:49:59.000Z,34,10-K,001-00368,18631598,,26865786,1,0,cvx12312017-10kdoc.htm,10-K,CVX,https://www.sec.gov/ixviewer/ix.html?doc=/Archives/edgar/data/93410/000009341018000010/cvx12312017-10kdoc.htm
0000093410-17-000046,2017-11-02,2017-09-30,2017-11-02T12:02:04.000Z,34,10-Q,001-00368,171171358,,8025088,1,0,cvx09302017-10qdoc.htm,10-Q,CVX,https://www.sec.gov/ixviewer/ix.html?doc=/Archives/edgar/data/93410/000009341017000046/cvx09302017-10qdoc.htm
0000093410-17-000033,2017-08-03,2017-06-30,2017-08-03T11:15:53.000Z,34,10-Q,001-00368,171003785,,7803433,1,0,cvx06302017-10qdoc.htm,10-Q,CVX,https://www.sec.gov/ixviewer/ix.html?doc=/Archives/edgar/data/93410/000009341017000033/cvx06302017-10qdoc.htm
0000093410-17-000019,2017-05-04,2017-03-31,2017-05-04T11:42:11.000Z,34,10-Q,001-00368,17812608,,6948348,1,0,cvx03312017-10qdoc.htm,10-Q,CVX,https://www.sec.gov/ixviewer/ix.html?doc=/Archives/edgar/data/93410/000009341017000019/cvx03312017-10qdoc.htm
0000093410-17-000013,2017-02-23,2016-12-31,2017-02-23T12:18:42.000Z,34,10-K,001-00368,17631521,,28494560,1,0,cvx-123116x10kdoc.htm,10-K,CVX,https://www.sec.gov/ixviewer/ix.html?doc=/Archives/edgar/data/93410/000009341017000013/cvx-123116x10kdoc.htm
0000093410-16-000083,2016-11-03,2016-09-30,2016-11-03T11:52:48.000Z,34,10-Q,001-00368,161970739,,8030638,1,0,cvx-09302016x10qdoc.htm,10-Q,CVX,https://www.sec.gov/ixviewer/ix.html?doc=/Archives/edgar/data/93410/000009341016000083/cvx-09302016x10qdoc.htm
0000093410-16-000070,2016-08-04,2016-06-30,2016-08-04T11:25:03.000Z,34,10-Q,001-00368,161806336,,8069126,1,0,cvx-06302016x10qdoc.htm,10-Q,CVX,https://www.sec.gov/ixviewer/ix.html?doc=/Archives/edgar/data/93410/000009341016000070/cvx-06302016x10qdoc.htm
0000093410-16-000056,2016-05-05,2016-03-31,2016-05-05T11:38:56.000Z,34,10-Q,001-00368,161622407,,6862626,1,0,cvx-03312016x10qdoc.htm,10-Q,CVX,https://www.sec.gov/ixviewer/ix.html?doc=/Archives/edgar/data/93410/000009341016000056/cvx-03312016x10qdoc.htm
0000093410-16-000049,2016-02-25,2015-12-31,2016-02-25T12:08:14.000Z,34,10-K,001-00368,161454688,,26171984,1,0,cvx-123115x10kdoc.htm,10-K,CVX,https://www.sec.gov/ixviewer/ix.html?doc=/Archives/edgar/data/93410/000009341016000049/cvx-123115x10kdoc.htm
0000093410-15-000038,2015-11-06,2015-09-30,2015-11-06T12:28:57.000Z,34,10-Q,001-00368,151203472,,7603448,1,0,cvx-09302015x10qdoc.htm,10-Q,CVX,https://www.sec.gov/ixviewer/ix.html?doc=/Archives/edgar/data/93410/000009341015000038/cvx-09302015x10qdoc.htm
0000093410-15-000031,2015-08-05,2015-06-30,2015-08-05T11:43:50.000Z,34,10-Q,001-00368,151028019,,7672427,1,0,cvx-06302015x10qdoc.htm,10-Q,CVX,https://www.sec.gov/ixviewer/ix.html?doc=/Archives/edgar/data/93410/000009341015000031/cvx-06302015x10qdoc.htm
0001163165-24-000010,2024-02-15,2023-12-31,2024-02-15T14:01:15.000Z,34,10-K,001-32395,24643210,,26759700,1,1,cop-20231231.htm,10-K,COP,https://www.sec.gov/ixviewer/ix.html?doc=/Archives/edgar/data/1163165/000116316524000010/cop-20231231.htm
0001163165-23-000031,2023-11-02,2023-09-30,2023-11-02T13:19:49.000Z,34,10-Q,001-32395,231371186,,11368818,1,1,cop-20230930.htm,10-Q,COP,https://www.sec.gov/ixviewer/ix.html?doc=/Archives/edgar/data/1163165/000116316523000031/cop-20230930.htm
0001163165-23-000023,2023-08-03,2023-06-30,2023-08-03T13:33:29.000Z,34,10-Q,001-32395,231139163,,11196589,1,1,cop-20230630.htm,10-Q,COP,https://www.sec.gov/ixviewer/ix.html?doc=/Archives/edgar/data/1163165/000116316523000023/cop-20230630.htm
0001163165-23-000011,2023-05-04,2023-03-31,2023-05-04T14:11:04.000Z,34,10-Q,001-32395,23887892,,9936538,1,1,cop-20230331.htm,10-Q,COP,https://www.sec.gov/ixviewer/ix.html?doc=/Archives/edgar/data/1163165/000116316523000011/cop-20230331.htm
0001163165-23-000006,2023-02-16,2022-12-31,2023-02-16T12:42:43.000Z,34,10-K,001-32395,23637767,,29815291,1,1,cop-20221231.htm,10-K,COP,https://www.sec.gov/ixviewer/ix.html?doc=/Archives/edgar/data/1163165/000116316523000006/cop-20221231.htm
0001163165-22-000017,2022-11-03,2022-09-30,2022-11-03T13:07:15.000Z,34,10-Q,001-32395,221357160,,13501111,1,1,cop-20220930.htm,10-Q,COP,https://www.sec.gov/ixviewer/ix.html?doc=/Archives/edgar/data/1163165/000116316522000017/cop-20220930.htm
0001163165-22-000013,2022-08-04,2022-06-30,2022-08-04T13:12:59.000Z,34,10-Q,001-32395,221135786,,12037884,1,1,cop-20220630.htm,10-Q,COP,https://www.sec.gov/ixviewer/ix.html?doc=/Archives/edgar/data/1163165/000116316522000013/cop-20220630.htm
0001163165-22-000006,2022-05-05,2022-03-31,2022-05-05T14:40:21.000Z,34,10-Q,001-32395,22895603,,10588696,1,1,cop-20220331.htm,10-Q,COP,https://www.sec.gov/ixviewer/ix.html?doc=/Archives/edgar/data/1163165/000116316522000006/cop-20220331.htm
0001562762-22-000031,2022-02-17,2021-12-31,2022-02-17T13:20:14.000Z,34,10-K,001-32395,22646903,,24942754,1,1,cop10k2021.htm,10-K,COP,https://www.sec.gov/ixviewer/ix.html?doc=/Archives/edgar/data/1163165/000156276222000031/cop10k2021.htm
0001562762-21-000409,2021-11-04,2021-09-30,2021-11-04T11:54:52.000Z,34,10-Q,001-32395,211378914,,12775074,1,1,cop20213q10q.htm,10-Q,COP,https://www.sec.gov/ixviewer/ix.html?doc=/Archives/edgar/data/1163165/000156276221000409/cop20213q10q.htm
0001562762-21-000304,2021-08-05,2021-06-30,2021-08-05T11:31:12.000Z,34,10-Q,001-32395,211147044,,10239322,1,1,cop20212q10q.htm,10-Q,COP,https://www.sec.gov/ixviewer/ix.html?doc=/Archives/edgar/data/1163165/000156276221000304/cop20212q10q.htm
0001562762-21-000193,2021-05-06,2021-03-31,2021-05-06T13:26:43.000Z,34,10-Q,001-32395,21896959,,10100980,1,1,COP20211q10q.htm,10-Q,COP,https://www.sec.gov/ixviewer/ix.html?doc=/Archives/edgar/data/1163165/000156276221000193/COP20211q10q.htm
0001562762-21-000027,2021-02-16,2020-12-31,2021-02-16T12:04:27.000Z,34,10-K,001-32395,21634724,,25477804,1,1,cop10k2020.htm,10-K,COP,https://www.sec.gov/ixviewer/ix.html?doc=/Archives/edgar/data/1163165/000156276221000027/cop10k2020.htm
0001562762-20-000367,2020-11-03,2020-09-30,2020-11-03T11:40:15.000Z,34,10-Q,001-32395,201282430,,9811557,1,1,COP20203q10q.htm,10-Q,COP,https://www.sec.gov/ixviewer/ix.html?doc=/Archives/edgar/data/1163165/000156276220000367/COP20203q10q.htm
0001562762-20-000267,2020-08-04,2020-06-30,2020-08-04T12:09:14.000Z,34,10-Q,001-32395,201072116,,11702548,1,1,COP20202q10q.htm,10-Q,COP,https://www.sec.gov/ixviewer/ix.html?doc=/Archives/edgar/data/1163165/000156276220000267/COP20202q10q.htm
0001562762-20-000162,2020-05-05,2020-03-31,2020-05-05T12:14:19.000Z,34,10-Q,001-32395,20847807,,9661715,1,1,cop-20200331.htm,10-Q,COP,https://www.sec.gov/ixviewer/ix.html?doc=/Archives/edgar/data/1163165/000156276220000162/cop-20200331.htm
0001193125-20-039954,2020-02-18,2019-12-31,2020-02-18T12:23:02.000Z,34,10-K,001-32395,20624300,,28080769,1,1,d875559d10k.htm,10-K,COP,https://www.sec.gov/ixviewer/ix.html?doc=/Archives/edgar/data/1163165/000119312520039954/d875559d10k.htm
0001193125-19-279997,2019-10-31,2019-09-30,2019-10-31T11:41:40.000Z,34,10-Q,001-32395,191182607,,23009594,1,1,d824956d10q.htm,10-Q,COP,https://www.sec.gov/ixviewer/ix.html?doc=/Archives/edgar/data/1163165/000119312519279997/d824956d10q.htm
0001193125-19-210077,2019-08-01,2019-06-30,2019-08-01T10:35:47.000Z,34,10-Q,001-32395,19991469,,22449976,1,1,d775509d10q.htm,10-Q,COP,https://www.sec.gov/ixviewer/ix.html?doc=/Archives/edgar/data/1163165/000119312519210077/d775509d10q.htm
0001193125-19-134334,2019-05-02,2019-03-31,2019-05-02T11:14:37.000Z,34,10-Q,001-32395,19790441,,12344100,1,0,d734823d10q.htm,10-Q,COP,https://www.sec.gov/ixviewer/ix.html?doc=/Archives/edgar/data/1163165/000119312519134334/d734823d10q.htm
0001193125-19-043841,2019-02-19,2018-12-31,2019-02-19T11:23:45.000Z,34,10-K,001-32395,19613976,,28721813,1,0,d636257d10k.htm,10-K,COP,https://www.sec.gov/ixviewer/ix.html?doc=/Archives/edgar/data/1163165/000119312519043841/d636257d10k.htm
0001193125-18-311600,2018-10-30,2018-09-30,2018-10-30T12:03:42.000Z,34,10-Q,001-32395,181146101,,15056438,1,0,d630380d10q.htm,10-Q,COP,https://www.sec.gov/ixviewer/ix.html?doc=/Archives/edgar/data/1163165/000119312518311600/d630380d10q.htm
0001193125-18-232659,2018-07-31,2018-06-30,2018-07-31T10:48:32.000Z,34,10-Q,001-32395,18979892,,15401953,1,0,d586006d10q.htm,10-Q,COP,https://www.sec.gov/ixviewer/ix.html?doc=/Archives/edgar/data/1163165/000119312518232659/d586006d10q.htm
0001193125-18-145507,2018-05-01,2018-03-31,2018-05-01T10:36:21.000Z,34,10-Q,001-32395,18793714,,11898624,1,0,d577738d10q.htm,10-Q,COP,https://www.sec.gov/ixviewer/ix.html?doc=/Archives/edgar/data/1163165/000119312518145507/d577738d10q.htm
0001193125-18-049729,2018-02-20,2017-12-31,2018-02-20T10:03:26.000Z,34,10-K,001-32395,18623436,,27517659,1,0,d534096d10k.htm,10-K,COP,https://www.sec.gov/ixviewer/ix.html?doc=/Archives/edgar/data/1163165/000119312518049729/d534096d10k.htm
0001193125-17-050077,2017-02-21,2016-12-31,2017-02-21T12:34:09.000Z,34,10-K,001-32395,17624312,,26481971,1,0,d264316d10k.htm,10-K,COP,https://www.sec.gov/ixviewer/ix.html?doc=/Archives/edgar/data/1163165/000119312517050077/d264316d10k.htm
0001193125-16-754694,2016-11-01,2016-09-30,2016-11-01T10:55:56.000Z,34,10-Q,001-32395,161963641,,11560235,1,0,d268453d10q.htm,10-Q,COP,https://www.sec.gov/ixviewer/ix.html?doc=/Archives/edgar/data/1163165/000119312516754694/d268453d10q.htm
0000821189-24-000011,2024-02-22,2023-12-31,2024-02-22T16:43:31.000Z,34,10-K,001-09743,24665597,,14016084,1,1,eog-20231231.htm,10-K,EOG,https://www.sec.gov/ixviewer/ix.html?doc=/Archives/edgar/data/821189/000082118924000011/eog-20231231.htm
0000821189-23-000051,2023-11-02,2023-09-30,2023-11-02T16:29:03.000Z,34,10-Q,001-09743,231372840,,6716843,1,1,eog-20230930.htm,10-Q,EOG,https://www.sec.gov/ixviewer/ix.html?doc=/Archives/edgar/data/821189/000082118923000051/eog-20230930.htm
0000821189-23-000040,2023-08-03,2023-06-30,2023-08-03T16:22:09.000Z,34,10-Q,001-09743,231140422,,6536273,1,1,eog-20230630.htm,10-Q,EOG,https://www.sec.gov/ixviewer/ix.html?doc=/Archives/edgar/data/821189/000082118923000040/eog-20230630.htm
0000821189-23-000024,2023-05-04,2023-03-31,2023-05-04T16:24:31.000Z,34,10-Q,001-09743,23889157,,6260074,1,1,eog-20230331.htm,10-Q,EOG,https://www.sec.gov/ixviewer/ix.html?doc=/Archives/edgar/data/821189/000082118923000024/eog-20230331.htm
0000821189-23-000015,2023-02-23,2022-12-31,2023-02-23T16:23:25.000Z,34,10-K,001-09743,23660009,,15801530,1,1,eog-20221231.htm,10-K,EOG,https://www.sec.gov/ixviewer/ix.html?doc=/Archives/edgar/data/821189/000082118923000015/eog-20221231.htm
0000821189-22-000056,2022-11-03,2022-09-30,2022-11-03T16:39:35.000Z,34,10-Q,001-09743,221358664,,7590349,1,1,eog-20220930.htm,10-Q,EOG,https://www.sec.gov/ixviewer/ix.html?doc=/Archives/edgar/data/821189/000082118922000056/eog-20220930.htm
0000821189-22-000041,2022-08-04,2022-06-30,2022-08-04T16:29:48.000Z,34,10-Q,001-09743,221137091,,7577197,1,1,eog-20220630.htm,10-Q,EOG,https://www.sec.gov/ixviewer/ix.html?doc=/Archives/edgar/data/821189/000082118922000041/eog-20220630.htm
0000821189-22-000028,2022-05-05,2022-03-31,2022-05-05T16:24:51.000Z,34,10-Q,001-09743,22896727,,6611797,1,1,eog-20220331.htm,10-Q,EOG,https://www.sec.gov/ixviewer/ix.html?doc=/Archives/edgar/data/821189/000082118922000028/eog-20220331.htm
0000821189-22-000017,2022-02-24,2021-12-31,2022-02-24T16:51:16.000Z,34,10-K,001-09743,22671961,,21339438,1,1,eog-20211231.htm,10-K,EOG,https://www.sec.gov/ixviewer/ix.html?doc=/Archives/edgar/data/821189/000082118922000017/eog-20211231.htm
0000821189-21-000089,2021-11-04,2021-09-30,2021-11-04T16:31:46.000Z,34,10-Q,001-09743,211380484,,8548357,1,1,eog-20210930.htm,10-Q,EOG,https://www.sec.gov/ixviewer/ix.html?doc=/Archives/edgar/data/821189/000082118921000089/eog-20210930.htm
0000821189-21-000075,2021-08-04,2021-06-30,2021-08-04T16:32:42.000Z,34,10-Q,001-09743,211144498,,7893593,1,1,eog-20210630.htm,10-Q,EOG,https://www.sec.gov/ixviewer/ix.html?doc=/Archives/edgar/data/821189/000082118921000075/eog-20210630.htm
0000821189-21-000047,2021-05-06,2021-03-31,2021-05-06T16:57:55.000Z,34,10-Q,001-09743,21898732,,6880731,1,1,eog-20210331.htm,10-Q,EOG,https://www.sec.gov/ixviewer/ix.html?doc=/Archives/edgar/data/821189/000082118921000047/eog-20210331.htm
0000821189-21-000017,2021-02-25,2020-12-31,2021-02-25T16:57:09.000Z,34,10-K,001-09743,21681293,,22385013,1,1,eog-20201231.htm,10-K,EOG,https://www.sec.gov/ixviewer/ix.html?doc=/Archives/edgar/data/821189/000082118921000017/eog-20201231.htm
0000821189-20-000053,2020-11-05,2020-09-30,2020-11-05T16:45:29.000Z,34,10-Q,001-09743,201291218,,8614538,1,1,eog-20200930.htm,10-Q,EOG,https://www.sec.gov/ixviewer/ix.html?doc=/Archives/edgar/data/821189/000082118920000053/eog-20200930.htm
0000821189-20-000040,2020-08-06,2020-06-30,2020-08-06T16:26:53.000Z,34,10-Q,001-09743,201082118,,9463911,1,1,eog-20200630.htm,10-Q,EOG,https://www.sec.gov/ixviewer/ix.html?doc=/Archives/edgar/data/821189/000082118920000040/eog-20200630.htm
0000821189-20-000028,2020-05-07,2020-03-31,2020-05-07T16:28:35.000Z,34,10-Q,001-09743,20856912,,9151211,1,1,a2020033110-q.htm,10-Q,EOG,https://www.sec.gov/ixviewer/ix.html?doc=/Archives/edgar/data/821189/000082118920000028/a2020033110-q.htm
0000821189-20-000010,2020-02-27,2019-12-31,2020-02-27T16:49:50.000Z,34,10-K,001-09743,20663125,,28288413,1,1,a2019123110-k.htm,10-K,EOG,https://www.sec.gov/ixviewer/ix.html?doc=/Archives/edgar/data/821189/000082118920000010/a2019123110-k.htm
0000821189-19-000039,2019-11-06,2019-09-30,2019-11-06T16:27:39.000Z,34,10-Q,001-09743,191196712,,10349747,1,1,a2019093010-q.htm,10-Q,EOG,https://www.sec.gov/ixviewer/ix.html?doc=/Archives/edgar/data/821189/000082118919000039/a2019093010-q.htm
0000821189-19-000030,2019-08-01,2019-06-30,2019-08-01T16:56:06.000Z,34,10-Q,001-09743,19993383,,10216166,1,1,a2019063010-q.htm,10-Q,EOG,https://www.sec.gov/ixviewer/ix.html?doc=/Archives/edgar/data/821189/000082118919000030/a2019063010-q.htm
0000821189-19-000020,2019-05-02,2019-03-31,2019-05-02T16:51:41.000Z,34,10-Q,001-09743,19792697,,8021736,1,0,a2019033110-q.htm,10-Q,EOG,https://www.sec.gov/ixviewer/ix.html?doc=/Archives/edgar/data/821189/000082118919000020/a2019033110-q.htm
0000821189-19-000009,2019-02-26,2018-12-31,2019-02-26T16:24:41.000Z,34,10-K,001-09743,19633757,,25209361,1,0,a2018123110-k.htm,10-K,EOG,https://www.sec.gov/ixviewer/ix.html?doc=/Archives/edgar/data/821189/000082118919000009/a2018123110-k.htm
0000821189-18-000044,2018-11-01,2018-09-30,2018-11-01T16:36:30.000Z,34,10-Q,001-09743,181154339,,8584578,1,0,a2018093010-q.htm,10-Q,EOG,https://www.sec.gov/ixviewer/ix.html?doc=/Archives/edgar/data/821189/000082118918000044/a2018093010-q.htm
0000821189-18-000034,2018-08-02,2018-06-30,2018-08-02T16:26:37.000Z,34,10-Q,001-09743,18988739,,8269594,1,0,a2018063010-q.htm,10-Q,EOG,https://www.sec.gov/ixviewer/ix.html?doc=/Archives/edgar/data/821189/000082118918000034/a2018063010-q.htm
0000821189-18-000025,2018-05-03,2018-03-31,2018-05-03T16:24:26.000Z,34,10-Q,001-09743,18804140,,7245277,1,0,a2018033110-q.htm,10-Q,EOG,https://www.sec.gov/ixviewer/ix.html?doc=/Archives/edgar/data/821189/000082118918000025/a2018033110-q.htm
0000821189-18-000012,2018-02-27,2017-12-31,2018-02-27T16:28:26.000Z,34,10-K,001-09743,18645479,,25332625,1,0,a2017123110-k.htm,10-K,EOG,https://www.sec.gov/ixviewer/ix.html?doc=/Archives/edgar/data/821189/000082118918000012/a2017123110-k.htm
0001035002-24-000007,2024-02-22,2023-12-31,2024-02-22T14:17:34.000Z,34,10-K,001-13175,24664139,,21294262,1,1,vlo-20231231.htm,10-K,VLO,https://www.sec.gov/ixviewer/ix.html?doc=/Archives/edgar/data/1035002/000103500224000007/vlo-20231231.htm
0001035002-23-000110,2023-10-26,2023-09-30,2023-10-26T16:23:47.000Z,34,10-Q,001-13175,231350476,,10427586,1,1,vlo-20230930.htm,10-Q,VLO,https://www.sec.gov/ixviewer/ix.html?doc=/Archives/edgar/data/1035002/000103500223000110/vlo-20230930.htm
0001035002-23-000103,2023-07-27,2023-06-30,2023-07-27T16:14:04.000Z,34,10-Q,001-13175,231118562,,10590468,1,1,vlo-20230630.htm,10-Q,VLO,https://www.sec.gov/ixviewer/ix.html?doc=/Archives/edgar/data/1035002/000103500223000103/vlo-20230630.htm
0001035002-23-000054,2023-04-27,2023-03-31,2023-04-27T16:16:32.000Z,34,10-Q,001-13175,23857157,,9737093,1,1,vlo-20230331.htm,10-Q,VLO,https://www.sec.gov/ixviewer/ix.html?doc=/Archives/edgar/data/1035002/000103500223000054/vlo-20230331.htm
0001035002-23-000027,2023-02-23,2022-12-31,2023-02-23T14:28:38.000Z,34,10-K,001-13175,23658895,,23442099,1,1,vlo-20221231.htm,10-K,VLO,https://www.sec.gov/ixviewer/ix.html?doc=/Archives/edgar/data/1035002/000103500223000027/vlo-20221231.htm
0001035002-22-000049,2022-10-26,2022-09-30,2022-10-26T17:09:18.000Z,34,10-Q,001-13175,221334036,,11227811,1,1,vlo-20220930.htm,10-Q,VLO,https://www.sec.gov/ixviewer/ix.html?doc=/Archives/edgar/data/1035002/000103500222000049/vlo-20220930.htm
0001035002-22-000044,2022-07-28,2022-06-30,2022-07-28T15:19:01.000Z,34,10-Q,001-13175,221114743,,11131786,1,1,vlo-20220630.htm,10-Q,VLO,https://www.sec.gov/ixviewer/ix.html?doc=/Archives/edgar/data/1035002/000103500222000044/vlo-20220630.htm
0001035002-22-000024,2022-04-28,2022-03-31,2022-04-27T18:41:30.000Z,34,10-Q,001-13175,22861430,,8971770,1,1,vlo-20220331.htm,10-Q,VLO,https://www.sec.gov/ixviewer/ix.html?doc=/Archives/edgar/data/1035002/000103500222000024/vlo-20220331.htm
0001035002-22-000007,2022-02-22,2021-12-31,2022-02-22T14:55:26.000Z,34,10-K,001-13175,22657627,,23803466,1,1,vlo-20211231.htm,10-K,VLO,https://www.sec.gov/ixviewer/ix.html?doc=/Archives/edgar/data/1035002/000103500222000007/vlo-20211231.htm
0001035002-21-000118,2021-10-27,2021-09-30,2021-10-27T17:14:39.000Z,34,10-Q,001-13175,211353934,,11140921,1,1,vlo-20210930.htm,10-Q,VLO,https://www.sec.gov/ixviewer/ix.html?doc=/Archives/edgar/data/1035002/000103500221000118/vlo-20210930.htm
0001035002-21-000102,2021-07-29,2021-06-30,2021-07-29T15:48:32.000Z,34,10-Q,001-13175,211127192,,10878069,1,1,vlo-20210630.htm,10-Q,VLO,https://www.sec.gov/ixviewer/ix.html?doc=/Archives/edgar/data/1035002/000103500221000102/vlo-20210630.htm
0001035002-21-000068,2021-04-30,2021-03-31,2021-04-30T11:21:31.000Z,34,10-Q,001-13175,21875106,,9081684,1,1,vlo-20210331.htm,10-Q,VLO,https://www.sec.gov/ixviewer/ix.html?doc=/Archives/edgar/data/1035002/000103500221000068/vlo-20210331.htm
0001035002-21-000051,2021-02-23,2020-12-31,2021-02-23T15:43:21.000Z,34,10-K,001-13175,21665184,,24515253,1,1,vlo-20201231.htm,10-K,VLO,https://www.sec.gov/ixviewer/ix.html?doc=/Archives/edgar/data/1035002/000103500221000051/vlo-20201231.htm
0001035002-20-000053,2020-10-28,2020-09-30,2020-10-28T16:23:27.000Z,34,10-Q,001-13175,201268955,,13798185,1,1,vlo-20200930.htm,10-Q,VLO,https://www.sec.gov/ixviewer/ix.html?doc=/Archives/edgar/data/1035002/000103500220000053/vlo-20200930.htm
0001035002-20-000041,2020-07-31,2020-06-30,2020-07-30T19:44:19.000Z,34,10-Q,001-13175,201062321,,16041327,1,1,vloform10-qx6302020.htm,10-Q,VLO,https://www.sec.gov/ixviewer/ix.html?doc=/Archives/edgar/data/1035002/000103500220000041/vloform10-qx6302020.htm
0001035002-20-000016,2020-04-29,2020-03-31,2020-04-29T16:58:03.000Z,34,10-Q,001-13175,20831270,,12206914,1,1,vloform10-qx3312020.htm,10-Q,VLO,https://www.sec.gov/ixviewer/ix.html?doc=/Archives/edgar/data/1035002/000103500220000016/vloform10-qx3312020.htm
0001035002-20-000007,2020-02-26,2019-12-31,2020-02-26T14:08:29.000Z,34,10-K,001-13175,20654970,,33940164,1,1,vloform10-kx12312019.htm,10-K,VLO,https://www.sec.gov/ixviewer/ix.html?doc=/Archives/edgar/data/1035002/000103500220000007/vloform10-kx12312019.htm
0001035002-19-000047,2019-11-07,2019-09-30,2019-11-07T12:48:00.000Z,34,10-Q,001-13175,191199323,,21963979,1,1,vloform10-qx9302019.htm,10-Q,VLO,https://www.sec.gov/ixviewer/ix.html?doc=/Archives/edgar/data/1035002/000103500219000047/vloform10-qx9302019.htm
0001035002-19-000040,2019-08-06,2019-06-30,2019-08-06T11:49:14.000Z,34,10-Q,001-13175,191001049,,21453089,1,1,vloform10-qx6302019.htm,10-Q,VLO,https://www.sec.gov/ixviewer/ix.html?doc=/Archives/edgar/data/1035002/000103500219000040/vloform10-qx6302019.htm
0001035002-19-000025,2019-05-07,2019-03-31,2019-05-07T11:57:02.000Z,34,10-Q,001-13175,19802037,,16624587,1,1,vloform10-qx3312019.htm,10-Q,VLO,https://www.sec.gov/ixviewer/ix.html?doc=/Archives/edgar/data/1035002/000103500219000025/vloform10-qx3312019.htm
0001035002-19-000008,2019-02-28,2018-12-31,2019-02-28T16:06:55.000Z,34,10-K,001-13175,19643199,,23255484,1,0,vloform10-kx12312018.htm,10-K,VLO,https://www.sec.gov/ixviewer/ix.html?doc=/Archives/edgar/data/1035002/000103500219000008/vloform10-kx12312018.htm
0001035002-18-000047,2018-11-06,2018-09-30,2018-11-06T12:26:32.000Z,34,10-Q,001-13175,181162229,,11772175,1,0,vloform10-qx9302018.htm,10-Q,VLO,https://www.sec.gov/ixviewer/ix.html?doc=/Archives/edgar/data/1035002/000103500218000047/vloform10-qx9302018.htm
0001035002-18-000041,2018-08-06,2018-06-30,2018-08-06T13:39:43.000Z,34,10-Q,001-13175,18994265,,11386455,1,0,vloform10-qx6302018.htm,10-Q,VLO,https://www.sec.gov/ixviewer/ix.html?doc=/Archives/edgar/data/1035002/000103500218000041/vloform10-qx6302018.htm
0001035002-18-000015,2018-05-07,2018-03-31,2018-05-07T11:57:22.000Z,34,10-Q,001-13175,18810300,,9016073,1,0,vloform10-qx3312018.htm,10-Q,VLO,https://www.sec.gov/ixviewer/ix.html?doc=/Archives/edgar/data/1035002/000103500218000015/vloform10-qx3312018.htm
0001035002-18-000010,2018-02-28,2017-12-31,2018-02-28T14:24:13.000Z,34,10-K,001-13175,18650095,,22570566,1,0,vloform10-kx12312017.htm,10-K,VLO,https://www.sec.gov/ixviewer/ix.html?doc=/Archives/edgar/data/1035002/000103500218000010/vloform10-kx12312017.htm
0001035002-17-000062,2017-11-07,2017-09-30,2017-11-07T16:54:56.000Z,34,10-Q,001-13175,171184117,,10953982,1,0,vloform10-qx9302017.htm,10-Q,VLO,https://www.sec.gov/ixviewer/ix.html?doc=/Archives/edgar/data/1035002/000103500217000062/vloform10-qx9302017.htm
0001035002-17-000044,2017-08-07,2017-06-30,2017-08-07T16:38:21.000Z,34,10-Q,001-13175,171012024,,10397435,1,0,vloform10-qx6302017.htm,10-Q,VLO,https://www.sec.gov/ixviewer/ix.html?doc=/Archives/edgar/data/1035002/000103500217000044/vloform10-qx6302017.htm
0001035002-17-000032,2017-05-08,2017-03-31,2017-05-08T16:47:05.000Z,34,10-Q,001-13175,17823064,,8133673,1,0,vloform10-qx3312017.htm,10-Q,VLO,https://www.sec.gov/ixviewer/ix.html?doc=/Archives/edgar/data/1035002/000103500217000032/vloform10-qx3312017.htm
0001035002-17-000009,2017-02-23,2016-12-31,2017-02-23T15:34:55.000Z,34,10-K,001-13175,17632248,,21749803,1,0,vloform10-kx12312016.htm,10-K,VLO,https://www.sec.gov/ixviewer/ix.html?doc=/Archives/edgar/data/1035002/000103500217000009/vloform10-kx12312016.htm
0001035002-16-000123,2016-11-08,2016-09-30,2016-11-08T13:11:14.000Z,34,10-Q,001-13175,161980630,,11422792,1,0,vloform10-qx9302016.htm,10-Q,VLO,https://www.sec.gov/ixviewer/ix.html?doc=/Archives/edgar/data/1035002/000103500216000123/vloform10-qx9302016.htm
0001035002-16-000113,2016-08-04,2016-06-30,2016-08-04T10:38:35.000Z,34,10-Q,001-13175,161806214,,10933615,1,0,vloform10-qx6302016.htm,10-Q,VLO,https://www.sec.gov/ixviewer/ix.html?doc=/Archives/edgar/data/1035002/000103500216000113/vloform10-qx6302016.htm
0001035002-16-000087,2016-05-05,2016-03-31,2016-05-05T12:38:47.000Z,34,10-Q,001-13175,161622680,,8804090,1,0,vloform10-qx3312016.htm,10-Q,VLO,https://www.sec.gov/ixviewer/ix.html?doc=/Archives/edgar/data/1035002/000103500216000087/vloform10-qx3312016.htm
0001035002-16-000069,2016-02-25,2015-12-31,2016-02-25T14:49:47.000Z,34,10-K,001-13175,161455357,,21569150,1,0,vloform10-kx12312015.htm,10-K,VLO,https://www.sec.gov/ixviewer/ix.html?doc=/Archives/edgar/data/1035002/000103500216000069/vloform10-kx12312015.htm
0001035002-15-000063,2015-11-04,2015-09-30,2015-11-04T16:21:22.000Z,34,10-Q,001-13175,151197188,,10364598,1,0,vloform10-qx9302015.htm,10-Q,VLO,https://www.sec.gov/ixviewer/ix.html?doc=/Archives/edgar/data/1035002/000103500215000063/vloform10-qx9302015.htm
0001035002-15-000055,2015-08-06,2015-06-30,2015-08-06T15:53:03.000Z,34,10-Q,001-13175,151032952,,10384598,1,0,vloform10-qx6302015.htm,10-Q,VLO,https://www.sec.gov/ixviewer/ix.html?doc=/Archives/edgar/data/1035002/000103500215000055/vloform10-qx6302015.htm
0001035002-15-000036,2015-05-07,2015-03-31,2015-05-07T16:26:13.000Z,34,10-Q,001-13175,15842166,,11780831,1,0,vloform10-qx3312015.htm,10-Q,VLO,https://www.sec.gov/ixviewer/ix.html?doc=/Archives/edgar/data/1035002/000103500215000036/vloform10-qx3312015.htm
0001035002-15-000009,2015-02-26,2014-12-31,2015-02-26T14:18:54.000Z,34,10-K,001-13175,15651719,,30777754,1,0,vloform10-kx12312014.htm,10-K,VLO,https://www.sec.gov/ixviewer/ix.html?doc=/Archives/edgar/data/1035002/000103500215000009/vloform10-kx12312014.htm
0001035002-14-000059,2014-11-06,2014-09-30,2014-11-06T15:48:36.000Z,34,10-Q,001-13175,141200488,,14619595,1,0,vloform10-qx9302014.htm,10-Q,VLO,https://www.sec.gov/ixviewer/ix.html?doc=/Archives/edgar/data/1035002/000103500214000059/vloform10-qx9302014.htm
0001035002-14-000052,2014-08-07,2014-06-30,2014-08-07T16:20:32.000Z,34,10-Q,001-13175,141024196,,14836953,1,0,vloform10-qx6302014.htm,10-Q,VLO,https://www.sec.gov/ixviewer/ix.html?doc=/Archives/edgar/data/1035002/000103500214000052/vloform10-qx6302014.htm
0001035002-14-000036,2014-05-08,2014-03-31,2014-05-08T16:40:54.000Z,34,10-Q,001-13175,14825569,,12320066,1,0,vloform10-qx3312014.htm,10-Q,VLO,https://www.sec.gov/ixviewer/ix.html?doc=/Archives/edgar/data/1035002/000103500214000036/vloform10-qx3312014.htm
0001035002-14-000008,2014-02-27,2013-12-31,2014-02-27T15:12:04.000Z,34,10-K,001-13175,14648446,,32189149,1,0,vloform10-kx12312013.htm,10-K,VLO,https://www.sec.gov/ixviewer/ix.html?doc=/Archives/edgar/data/1035002/000103500214000008/vloform10-kx12312013.htm
0001035002-13-000066,2013-11-05,2013-09-30,2013-11-05T16:12:19.000Z,34,10-Q,001-13175,131192746,,14840355,1,0,vloform10-qx9302013.htm,10-Q,VLO,https://www.sec.gov/ixviewer/ix.html?doc=/Archives/edgar/data/1035002/000103500213000066/vloform10-qx9302013.htm
0001035002-13-000060,2013-08-07,2013-06-30,2013-08-07T09:59:35.000Z,34,10-Q,001-13175,131016083,,20982901,1,0,vloform10-qx6302013.htm,10-Q,VLO,https://www.sec.gov/ixviewer/ix.html?doc=/Archives/edgar/data/1035002/000103500213000060/vloform10-qx6302013.htm
0001035002-13-000037,2013-05-08,2013-03-31,2013-05-08T10:02:23.000Z,34,10-Q,001-13175,13823002,,12655614,1,0,vloform10-qx3312013.htm,10-Q,VLO,https://www.sec.gov/ixviewer/ix.html?doc=/Archives/edgar/data/1035002/000103500213000037/vloform10-qx3312013.htm
0001035002-13-000008,2013-02-28,2012-12-31,2013-02-28T14:42:22.000Z,34,10-K,001-13175,13651242,,30284963,1,0,vlo12311210k.htm,10-K,VLO,https://www.sec.gov/ixviewer/ix.html?doc=/Archives/edgar/data/1035002/000103500213000008/vlo12311210k.htm
0001035002-12-000059,2012-11-06,2012-09-30,2012-11-06T10:18:03.000Z,34,10-Q,001-13175,121182005,,13830770,1,0,vlo9301210q.htm,10-Q,VLO,https://www.sec.gov/ixviewer/ix.html?doc=/Archives/edgar/data/1035002/000103500212000059/vlo9301210q.htm
0001534701-24-000078,2024-02-21,2023-12-31,2024-02-21T17:09:50.000Z,34,10-K,001-35349,24660887,,32930083,1,1,psx-20231231.htm,10-K,PSX,https://www.sec.gov/ixviewer/ix.html?doc=/Archives/edgar/data/1534701/000153470124000078/psx-20231231.htm
0001534701-23-000148,2023-11-03,2023-09-30,2023-11-03T12:52:15.000Z,34,10-Q,001-35349,231375349,,11227585,1,1,psx-20230930.htm,10-Q,PSX,https://www.sec.gov/ixviewer/ix.html?doc=/Archives/edgar/data/1534701/000153470123000148/psx-20230930.htm
0001534701-23-000123,2023-08-04,2023-06-30,2023-08-03T19:30:37.000Z,34,10-Q,001-35349,231141780,,11030508,1,1,psx-20230630.htm,10-Q,PSX,https://www.sec.gov/ixviewer/ix.html?doc=/Archives/edgar/data/1534701/000153470123000123/psx-20230630.htm
0001534701-23-000080,2023-05-04,2023-03-31,2023-05-04T16:38:47.000Z,34,10-Q,001-35349,23889477,,10648576,1,1,psx-20230331.htm,10-Q,PSX,https://www.sec.gov/ixviewer/ix.html?doc=/Archives/edgar/data/1534701/000153470123000080/psx-20230331.htm
0001534701-23-000053,2023-02-22,2022-12-31,2023-02-22T17:00:31.000Z,34,10-K,001-35349,23654304,,25919073,1,1,psx-20221231.htm,10-K,PSX,https://www.sec.gov/ixviewer/ix.html?doc=/Archives/edgar/data/1534701/000153470123000053/psx-20221231.htm
0001534701-22-000185,2022-11-09,2022-09-30,2022-11-08T18:01:22.000Z,34,10-Q,001-35349,221370190,,13718328,1,1,psx-20220930.htm,10-Q,PSX,https://www.sec.gov/ixviewer/ix.html?doc=/Archives/edgar/data/1534701/000153470122000185/psx-20220930.htm
0001534701-22-000143,2022-07-29,2022-06-30,2022-07-29T16:51:55.000Z,34,10-Q,001-35349,221121580,,10990241,1,1,psx-20220630.htm,10-Q,PSX,https://www.sec.gov/ixviewer/ix.html?doc=/Archives/edgar/data/1534701/000153470122000143/psx-20220630.htm
0001534701-22-000103,2022-04-29,2022-03-31,2022-04-29T14:47:53.000Z,34,10-Q,001-35349,22874130,,8272589,1,1,psx-20220331.htm,10-Q,PSX,https://www.sec.gov/ixviewer/ix.html?doc=/Archives/edgar/data/1534701/000153470122000103/psx-20220331.htm
0001534701-22-000078,2022-02-18,2021-12-31,2022-02-18T16:16:05.000Z,34,10-K,001-35349,22652951,,22921639,1,1,psx-20211231.htm,10-K,PSX,https://www.sec.gov/ixviewer/ix.html?doc=/Archives/edgar/data/1534701/000153470122000078/psx-20211231.htm
0001534701-21-000209,2021-10-29,2021-09-30,2021-10-29T13:41:37.000Z,34,10-Q,001-35349,211362229,,10323897,1,1,psx-20210930.htm,10-Q,PSX,https://www.sec.gov/ixviewer/ix.html?doc=/Archives/edgar/data/1534701/000153470121000209/psx-20210930.htm
0001534701-21-000150,2021-08-03,2021-06-30,2021-08-03T17:01:08.000Z,34,10-Q,001-35349,211140759,,10073571,1,1,psx-20210630.htm,10-Q,PSX,https://www.sec.gov/ixviewer/ix.html?doc=/Archives/edgar/data/1534701/000153470121000150/psx-20210630.htm
0001534701-21-000106,2021-04-30,2021-03-31,2021-04-30T15:36:16.000Z,34,10-Q,001-35349,21877350,,8533607,1,1,psx-20210331.htm,10-Q,PSX,https://www.sec.gov/ixviewer/ix.html?doc=/Archives/edgar/data/1534701/000153470121000106/psx-20210331.htm
0001534701-21-000074,2021-02-24,2020-12-31,2021-02-24T14:54:14.000Z,34,10-K,001-35349,21671924,,23010157,1,1,psx-20201231.htm,10-K,PSX,https://www.sec.gov/ixviewer/ix.html?doc=/Archives/edgar/data/1534701/000153470121000074/psx-20201231.htm
0001534701-20-000154,2020-10-30,2020-09-30,2020-10-30T14:48:53.000Z,34,10-Q,001-35349,201276816,,15068563,1,1,psx-20200930.htm,10-Q,PSX,https://www.sec.gov/ixviewer/ix.html?doc=/Archives/edgar/data/1534701/000153470120000154/psx-20200930.htm
0001534701-20-000120,2020-07-31,2020-06-30,2020-07-31T15:00:27.000Z,34,10-Q,001-35349,201065596,,17917521,1,1,psx-20200630.htm,10-Q,PSX,https://www.sec.gov/ixviewer/ix.html?doc=/Archives/edgar/data/1534701/000153470120000120/psx-20200630.htm
0001534701-20-000085,2020-05-01,2020-03-31,2020-05-01T15:00:34.000Z,34,10-Q,001-35349,20840308,,12954393,1,1,psx-202033110q.htm,10-Q,PSX,https://www.sec.gov/ixviewer/ix.html?doc=/Archives/edgar/data/1534701/000153470120000085/psx-202033110q.htm
0001534701-20-000070,2020-02-21,2019-12-31,2020-02-21T15:05:37.000Z,34,10-K,001-35349,20639341,,30766836,1,1,psx-2019123110k.htm,10-K,PSX,https://www.sec.gov/ixviewer/ix.html?doc=/Archives/edgar/data/1534701/000153470120000070/psx-2019123110k.htm
0001534701-19-000135,2019-10-25,2019-09-30,2019-10-25T15:50:39.000Z,34,10-Q,001-35349,191169778,,16122866,1,1,psx-201993010q.htm,10-Q,PSX,https://www.sec.gov/ixviewer/ix.html?doc=/Archives/edgar/data/1534701/000153470119000135/psx-201993010q.htm
0001534701-19-000095,2019-07-26,2019-06-30,2019-07-26T15:24:11.000Z,34,10-Q,001-35349,19977823,,15639309,1,1,psx-201963010q.htm,10-Q,PSX,https://www.sec.gov/ixviewer/ix.html?doc=/Archives/edgar/data/1534701/000153470119000095/psx-201963010q.htm
0001534701-19-000072,2019-04-30,2019-03-31,2019-04-30T15:48:19.000Z,34,10-Q,001-35349,19781386,,11802815,1,0,psx-2019331_10q.htm,10-Q,PSX,https://www.sec.gov/ixviewer/ix.html?doc=/Archives/edgar/data/1534701/000153470119000072/psx-2019331_10q.htm
0001534701-19-000063,2019-02-22,2018-12-31,2019-02-22T13:29:34.000Z,34,10-K,001-35349,19625035,,25980019,1,0,psx-20181231_10k.htm,10-K,PSX,https://www.sec.gov/ixviewer/ix.html?doc=/Archives/edgar/data/1534701/000153470119000063/psx-20181231_10k.htm
0001534701-18-000109,2018-10-26,2018-09-30,2018-10-26T15:30:44.000Z,34,10-Q,001-35349,181141555,,12937266,1,0,psx-2018930_10q.htm,10-Q,PSX,https://www.sec.gov/ixviewer/ix.html?doc=/Archives/edgar/data/1534701/000153470118000109/psx-2018930_10q.htm
0001534701-18-000094,2018-07-27,2018-06-30,2018-07-27T15:24:35.000Z,34,10-Q,001-35349,18974716,,13081981,1,0,psx-2018630_10q.htm,10-Q,PSX,https://www.sec.gov/ixviewer/ix.html?doc=/Archives/edgar/data/1534701/000153470118000094/psx-2018630_10q.htm
0001534701-18-000071,2018-04-27,2018-03-31,2018-04-27T16:30:24.000Z,34,10-Q,001-35349,18784407,,10996057,1,0,psx-2018331_10q.htm,10-Q,PSX,https://www.sec.gov/ixviewer/ix.html?doc=/Archives/edgar/data/1534701/000153470118000071/psx-2018331_10q.htm
0001534701-18-000065,2018-02-23,2017-12-31,2018-02-23T12:22:21.000Z,34,10-K,001-35349,18635425,,26632798,1,0,psx-20171231_10k.htm,10-K,PSX,https://www.sec.gov/ixviewer/ix.html?doc=/Archives/edgar/data/1534701/000153470118000065/psx-20171231_10k.htm
0001534701-17-000105,2017-10-27,2017-09-30,2017-10-27T15:41:16.000Z,34,10-Q,001-35349,171159337,,13405412,1,0,psx-2017930_10q.htm,10-Q,PSX,https://www.sec.gov/ixviewer/ix.html?doc=/Archives/edgar/data/1534701/000153470117000105/psx-2017930_10q.htm
0001534701-17-000083,2017-08-01,2017-06-30,2017-08-01T15:57:29.000Z,34,10-Q,001-35349,17996690,,12585816,1,0,psx-2017630_10q.htm,10-Q,PSX,https://www.sec.gov/ixviewer/ix.html?doc=/Archives/edgar/data/1534701/000153470117000083/psx-2017630_10q.htm
0001534701-17-000074,2017-05-05,2017-03-31,2017-05-05T11:18:18.000Z,34,10-Q,001-35349,17816824,,10945900,1,0,psx-2017331_10q.htm,10-Q,PSX,https://www.sec.gov/ixviewer/ix.html?doc=/Archives/edgar/data/1534701/000153470117000074/psx-2017331_10q.htm
0001534701-17-000051,2017-02-17,2016-12-31,2017-02-17T12:47:19.000Z,34,10-K,001-35349,17620570,,27567130,1,0,psx-20161231_10k.htm,10-K,PSX,https://www.sec.gov/ixviewer/ix.html?doc=/Archives/edgar/data/1534701/000153470117000051/psx-20161231_10k.htm
0001534701-16-000175,2016-10-28,2016-09-30,2016-10-28T15:04:17.000Z,34,10-Q,001-35349,161958248,,12148044,1,0,psx-2016930_10q.htm,10-Q,PSX,https://www.sec.gov/ixviewer/ix.html?doc=/Archives/edgar/data/1534701/000153470116000175/psx-2016930_10q.htm
0001534701-16-000153,2016-07-29,2016-06-30,2016-07-29T15:59:55.000Z,34,10-Q,001-35349,161794135,,11986017,1,0,psx-2016630_10q.htm,10-Q,PSX,https://www.sec.gov/ixviewer/ix.html?doc=/Archives/edgar/data/1534701/000153470116000153/psx-2016630_10q.htm
0001534701-16-000130,2016-04-29,2016-03-31,2016-04-29T15:36:06.000Z,34,10-Q,001-35349,161606119,,9809442,1,0,psx-2016331_10q.htm,10-Q,PSX,https://www.sec.gov/ixviewer/ix.html?doc=/Archives/edgar/data/1534701/000153470116000130/psx-2016331_10q.htm
0001534701-16-000119,2016-02-19,2015-12-31,2016-02-19T15:39:55.000Z,34,10-K,001-35349,161441727,,28040425,1,0,psx-20151231_10k.htm,10-K,PSX,https://www.sec.gov/ixviewer/ix.html?doc=/Archives/edgar/data/1534701/000153470116000119/psx-20151231_10k.htm
0001534701-15-000075,2015-10-30,2015-09-30,2015-10-30T15:12:58.000Z,34,10-Q,001-35349,151186937,,13371059,1,0,psx-2015930_10q.htm,10-Q,PSX,https://www.sec.gov/ixviewer/ix.html?doc=/Archives/edgar/data/1534701/000153470115000075/psx-2015930_10q.htm
0001534701-15-000066,2015-07-31,2015-06-30,2015-07-31T15:26:45.000Z,34,10-Q,001-35349,151019193,,13032576,1,0,psx-2015630_10q.htm,10-Q,PSX,https://www.sec.gov/ixviewer/ix.html?doc=/Archives/edgar/data/1534701/000153470115000066/psx-2015630_10q.htm
0001534701-15-000049,2015-05-01,2015-03-31,2015-05-01T11:39:42.000Z,34,10-Q,001-35349,15822759,,15486379,1,0,psx-2015331_10q.htm,10-Q,PSX,https://www.sec.gov/ixviewer/ix.html?doc=/Archives/edgar/data/1534701/000153470115000049/psx-2015331_10q.htm
0001534701-15-000038,2015-02-20,2014-12-31,2015-02-20T11:58:29.000Z,34,10-K,001-35349,15634490,,40662558,1,0,psx-20141231_10k.htm,10-K,PSX,https://www.sec.gov/ixviewer/ix.html?doc=/Archives/edgar/data/1534701/000153470115000038/psx-20141231_10k.htm
0001534701-14-000116,2014-10-30,2014-09-30,2014-10-30T11:55:45.000Z,34,10-Q,001-35349,141182286,,18827948,1,0,psx-2014930_10q.htm,10-Q,PSX,https://www.sec.gov/ixviewer/ix.html?doc=/Archives/edgar/data/1534701/000153470114000116/psx-2014930_10q.htm
0001534701-14-000100,2014-07-31,2014-06-30,2014-07-31T12:17:53.000Z,34,10-Q,001-35349,141005401,,18316336,1,0,psx-2014630_10q.htm,10-Q,PSX,https://www.sec.gov/ixviewer/ix.html?doc=/Archives/edgar/data/1534701/000153470114000100/psx-2014630_10q.htm
0001534701-14-000061,2014-05-01,2014-03-31,2014-05-01T16:27:13.000Z,34,10-Q,001-35349,14805392,,15445807,1,0,psx-2014331_10q.htm,10-Q,PSX,https://www.sec.gov/ixviewer/ix.html?doc=/Archives/edgar/data/1534701/000153470114000061/psx-2014331_10q.htm
0001534701-14-000042,2014-02-21,2013-12-31,2014-02-21T13:27:26.000Z,34,10-K,001-35349,14632764,,38454199,1,0,psx-20131231x10k.htm,10-K,PSX,https://www.sec.gov/ixviewer/ix.html?doc=/Archives/edgar/data/1534701/000153470114000042/psx-20131231x10k.htm
0001534701-13-000022,2013-10-31,2013-09-30,2013-10-31T16:48:33.000Z,34,10-Q,001-35349,131183290,,17949424,1,0,psx-2013930x10q.htm,10-Q,PSX,https://www.sec.gov/ixviewer/ix.html?doc=/Archives/edgar/data/1534701/000153470113000022/psx-2013930x10q.htm
0001534701-13-000016,2013-08-01,2013-06-30,2013-08-01T15:37:55.000Z,34,10-Q,001-35349,131002540,,25396398,1,0,psx-6302013x10q.htm,10-Q,PSX,https://www.sec.gov/ixviewer/ix.html?doc=/Archives/edgar/data/1534701/000153470113000016/psx-6302013x10q.htm
0001534701-13-000009,2013-05-02,2013-03-31,2013-05-02T15:04:28.000Z,34,10-Q,001-35349,13807411,,13599456,1,0,psx-3312013x10q.htm,10-Q,PSX,https://www.sec.gov/ixviewer/ix.html?doc=/Archives/edgar/data/1534701/000153470113000009/psx-3312013x10q.htm
0001534701-13-000006,2013-02-22,2012-12-31,2013-02-22T13:23:14.000Z,34,10-K,001-35349,13633483,,33427468,1,0,psx_20121231-10k.htm,10-K,PSX,https://www.sec.gov/ixviewer/ix.html?doc=/Archives/edgar/data/1534701/000153470113000006/psx_20121231-10k.htm
0001510295-24-000015,2024-02-28,2023-12-31,2024-02-28T14:31:30.000Z,34,10-K,001-35054,24693868,,21957836,1,1,mpc-20231231.htm,10-K,MPC,https://www.sec.gov/ixviewer/ix.html?doc=/Archives/edgar/data/1510295/000151029524000015/mpc-20231231.htm
0001510295-23-000078,2023-10-31,2023-09-30,2023-10-31T13:01:35.000Z,34,10-Q,001-35054,231363558,,12102327,1,1,mpc-20230930.htm,10-Q,MPC,https://www.sec.gov/ixviewer/ix.html?doc=/Archives/edgar/data/1510295/000151029523000078/mpc-20230930.htm
0001510295-23-000069,2023-08-01,2023-06-30,2023-08-01T13:00:10.000Z,34,10-Q,001-35054,231130719,,11666718,1,1,mpc-20230630.htm,10-Q,MPC,https://www.sec.gov/ixviewer/ix.html?doc=/Archives/edgar/data/1510295/000151029523000069/mpc-20230630.htm
0001510295-23-000047,2023-05-02,2023-03-31,2023-05-02T13:01:45.000Z,34,10-Q,001-35054,23877667,,10786958,1,1,mpc-20230331.htm,10-Q,MPC,https://www.sec.gov/ixviewer/ix.html?doc=/Archives/edgar/data/1510295/000151029523000047/mpc-20230331.htm
0001510295-23-000012,2023-02-23,2022-12-31,2023-02-23T13:32:52.000Z,34,10-K,001-35054,23658562,,25554731,1,1,mpc-20221231.htm,10-K,MPC,https://www.sec.gov/ixviewer/ix.html?doc=/Archives/edgar/data/1510295/000151029523000012/mpc-20221231.htm
0001510295-22-000077,2022-11-01,2022-09-30,2022-11-01T13:01:48.000Z,34,10-Q,001-35054,221349388,,13859388,1,1,mpc-20220930.htm,10-Q,MPC,https://www.sec.gov/ixviewer/ix.html?doc=/Archives/edgar/data/1510295/000151029522000077/mpc-20220930.htm
0001510295-22-000063,2022-08-02,2022-06-30,2022-08-02T13:01:39.000Z,34,10-Q,001-35054,221127854,,12700747,1,1,mpc-20220630.htm,10-Q,MPC,https://www.sec.gov/ixviewer/ix.html?doc=/Archives/edgar/data/1510295/000151029522000063/mpc-20220630.htm
0001510295-22-000039,2022-05-03,2022-03-31,2022-05-03T14:59:31.000Z,34,10-Q,001-35054,22886195,,10906704,1,1,mpc-20220331.htm,10-Q,MPC,https://www.sec.gov/ixviewer/ix.html?doc=/Archives/edgar/data/1510295/000151029522000039/mpc-20220331.htm
0001510295-22-000011,2022-02-24,2021-12-31,2022-02-24T13:07:50.000Z,34,10-K,001-35054,22669184,,24002805,1,1,mpc-20211231.htm,10-K,MPC,https://www.sec.gov/ixviewer/ix.html?doc=/Archives/edgar/data/1510295/000151029522000011/mpc-20211231.htm
0001510295-21-000127,2021-11-02,2021-09-30,2021-11-02T13:11:26.000Z,34,10-Q,001-35054,211370131,,14346303,1,1,mpc-20210930.htm,10-Q,MPC,https://www.sec.gov/ixviewer/ix.html?doc=/Archives/edgar/data/1510295/000151029521000127/mpc-20210930.htm
0001510295-21-000114,2021-08-04,2021-06-30,2021-08-04T13:08:33.000Z,34,10-Q,001-35054,211143280,,13449472,1,1,mpc-20210630.htm,10-Q,MPC,https://www.sec.gov/ixviewer/ix.html?doc=/Archives/edgar/data/1510295/000151029521000114/mpc-20210630.htm
0001510295-21-000070,2021-05-06,2021-03-31,2021-05-06T13:06:20.000Z,34,10-Q,001-35054,21896882,,11428396,1,1,mpc-20210331.htm,10-Q,MPC,https://www.sec.gov/ixviewer/ix.html?doc=/Archives/edgar/data/1510295/000151029521000070/mpc-20210331.htm
0001510295-21-000027,2021-02-26,2020-12-31,2021-02-26T08:25:25.000Z,34,10-K,001-35054,21683908,,27100087,1,1,mpc-20201231.htm,10-K,MPC,https://www.sec.gov/ixviewer/ix.html?doc=/Archives/edgar/data/1510295/000151029521000027/mpc-20201231.htm
0001510295-20-000108,2020-11-06,2020-09-30,2020-11-06T08:02:28.000Z,34,10-Q,001-35054,201292457,,17426765,1,1,mpc-20200930x10q.htm,10-Q,MPC,https://www.sec.gov/ixviewer/ix.html?doc=/Archives/edgar/data/1510295/000151029520000108/mpc-20200930x10q.htm
0001510295-20-000083,2020-08-03,2020-06-30,2020-08-03T16:17:20.000Z,34,10-Q,001-35054,201069440,,14562823,1,1,mpc-20200630x10q.htm,10-Q,MPC,https://www.sec.gov/ixviewer/ix.html?doc=/Archives/edgar/data/1510295/000151029520000083/mpc-20200630x10q.htm
0001510295-20-000066,2020-05-07,2020-03-31,2020-05-07T09:10:37.000Z,34,10-Q,001-35054,20854824,,12056182,1,1,mpc-20200331x10q.htm,10-Q,MPC,https://www.sec.gov/ixviewer/ix.html?doc=/Archives/edgar/data/1510295/000151029520000066/mpc-20200331x10q.htm
0001510295-20-000006,2020-02-28,2019-12-31,2020-02-28T16:23:56.000Z,34,10-K,001-35054,20670586,,27530705,1,1,mpc-20191231x10k.htm,10-K,MPC,https://www.sec.gov/ixviewer/ix.html?doc=/Archives/edgar/data/1510295/000151029520000006/mpc-20191231x10k.htm
0001510295-19-000144,2019-11-04,2019-09-30,2019-11-04T16:07:26.000Z,34,10-Q,001-35054,191189823,,15859559,1,1,mpc-20190930x10q.htm,10-Q,MPC,https://www.sec.gov/ixviewer/ix.html?doc=/Archives/edgar/data/1510295/000151029519000144/mpc-20190930x10q.htm
0001510295-19-000108,2019-08-05,2019-06-30,2019-08-05T12:51:17.000Z,34,10-Q,001-35054,19998089,,14881266,1,1,mpc-20190630x10q.htm,10-Q,MPC,https://www.sec.gov/ixviewer/ix.html?doc=/Archives/edgar/data/1510295/000151029519000108/mpc-20190630x10q.htm
0001510295-19-000051,2019-05-09,2019-03-31,2019-05-09T12:14:29.000Z,34,10-Q,001-35054,19809597,,11685838,1,0,mpc-20190331x10q.htm,10-Q,MPC,https://www.sec.gov/ixviewer/ix.html?doc=/Archives/edgar/data/1510295/000151029519000051/mpc-20190331x10q.htm
0001510295-19-000014,2019-02-28,2018-12-31,2019-02-28T14:17:56.000Z,34,10-K,001-35054,19642291,,25875135,1,0,mpc-20181231x10k.htm,10-K,MPC,https://www.sec.gov/ixviewer/ix.html?doc=/Archives/edgar/data/1510295/000151029519000014/mpc-20181231x10k.htm
0001510295-18-000215,2018-11-05,2018-09-30,2018-11-05T10:33:55.000Z,34,10-Q,001-35054,181159125,,14754673,1,0,mpc-20180930x10q.htm,10-Q,MPC,https://www.sec.gov/ixviewer/ix.html?doc=/Archives/edgar/data/1510295/000151029518000215/mpc-20180930x10q.htm
0001510295-18-000135,2018-08-06,2018-06-30,2018-08-06T10:04:14.000Z,34,10-Q,001-35054,18993707,,15422046,1,0,mpc-20180630x10q.htm,10-Q,MPC,https://www.sec.gov/ixviewer/ix.html?doc=/Archives/edgar/data/1510295/000151029518000135/mpc-20180630x10q.htm
0001510295-18-000056,2018-04-30,2018-03-31,2018-04-30T14:29:40.000Z,34,10-Q,001-35054,18788753,,12888158,1,0,mpc-20180331x10q.htm,10-Q,MPC,https://www.sec.gov/ixviewer/ix.html?doc=/Archives/edgar/data/1510295/000151029518000056/mpc-20180331x10q.htm
0001510295-18-000024,2018-02-28,2017-12-31,2018-02-28T15:37:13.000Z,34,10-K,001-35054,18650773,,26793125,1,0,mpc-20171231x10k.htm,10-K,MPC,https://www.sec.gov/ixviewer/ix.html?doc=/Archives/edgar/data/1510295/000151029518000024/mpc-20171231x10k.htm
0001510295-17-000098,2017-10-30,2017-09-30,2017-10-30T11:42:27.000Z,34,10-Q,001-35054,171161230,,15463021,1,0,mpc-20170930x10q.htm,10-Q,MPC,https://www.sec.gov/ixviewer/ix.html?doc=/Archives/edgar/data/1510295/000151029517000098/mpc-20170930x10q.htm
0001510295-17-000085,2017-08-03,2017-06-30,2017-08-03T06:31:59.000Z,34,10-Q,001-35054,171002703,,15296500,1,0,mpc-20170630x10q.htm,10-Q,MPC,https://www.sec.gov/ixviewer/ix.html?doc=/Archives/edgar/data/1510295/000151029517000085/mpc-20170630x10q.htm
0001510295-17-000052,2017-05-01,2017-03-31,2017-05-01T11:02:09.000Z,34,10-Q,001-35054,17799109,,13034427,1,0,mpc-20170331x10q.htm,10-Q,MPC,https://www.sec.gov/ixviewer/ix.html?doc=/Archives/edgar/data/1510295/000151029517000052/mpc-20170331x10q.htm
0001510295-17-000017,2017-02-24,2016-12-31,2017-02-24T14:17:13.000Z,34,10-K,001-35054,17636428,,30734966,1,0,mpc-20161231x10k.htm,10-K,MPC,https://www.sec.gov/ixviewer/ix.html?doc=/Archives/edgar/data/1510295/000151029517000017/mpc-20161231x10k.htm
0001510295-16-000139,2016-10-31,2016-09-30,2016-10-31T13:08:51.000Z,34,10-Q,001-35054,161960941,,15815535,1,0,mpc-20160930x10q.htm,10-Q,MPC,https://www.sec.gov/ixviewer/ix.html?doc=/Archives/edgar/data/1510295/000151029516000139/mpc-20160930x10q.htm
0001510295-16-000117,2016-08-03,2016-06-30,2016-08-02T19:43:40.000Z,34,10-Q,001-35054,161801962,,15648058,1,0,mpc-20160630x10q.htm,10-Q,MPC,https://www.sec.gov/ixviewer/ix.html?doc=/Archives/edgar/data/1510295/000151029516000117/mpc-20160630x10q.htm
0001510295-16-000104,2016-05-02,2016-03-31,2016-05-02T16:59:29.000Z,34,10-Q,001-35054,161612393,,12666242,1,0,mpc-20160331x10q.htm,10-Q,MPC,https://www.sec.gov/ixviewer/ix.html?doc=/Archives/edgar/data/1510295/000151029516000104/mpc-20160331x10q.htm
0000797468-24-000034,2024-02-14,2023-12-31,2024-02-14T16:23:10.000Z,34,10-K,001-09210,,,21907688,1,1,oxy-20231231.htm,10-K,OXY,https://www.sec.gov/ixviewer/ix.html?doc=/Archives/edgar/data/797468/000079746824000034/oxy-20231231.htm
0000797468-23-000092,2023-11-07,2023-09-30,2023-11-07T16:15:45.000Z,34,10-Q,001-09210,231384125,,8651651,1,1,oxy-20230930.htm,10-Q,OXY,https://www.sec.gov/ixviewer/ix.html?doc=/Archives/edgar/data/797468/000079746823000092/oxy-20230930.htm
0000797468-23-000075,2023-08-02,2023-06-30,2023-08-02T16:18:32.000Z,34,10-Q,001-09210,231135893,,8506510,1,1,oxy-20230630.htm,10-Q,OXY,https://www.sec.gov/ixviewer/ix.html?doc=/Archives/edgar/data/797468/000079746823000075/oxy-20230630.htm
0000797468-23-000032,2023-05-09,2023-03-31,2023-05-09T16:23:38.000Z,34,10-Q,001-09210,23902450,,7668160,1,1,oxy-20230331.htm,10-Q,OXY,https://www.sec.gov/ixviewer/ix.html?doc=/Archives/edgar/data/797468/000079746823000032/oxy-20230331.htm
0000797468-23-000011,2023-02-27,2022-12-31,2023-02-27T16:52:27.000Z,34,10-K,001-09210,23676050,,26056302,1,1,oxy-20221231.htm,10-K,OXY,https://www.sec.gov/ixviewer/ix.html?doc=/Archives/edgar/data/797468/000079746823000011/oxy-20221231.htm
0000797468-22-000036,2022-11-08,2022-09-30,2022-11-08T16:19:33.000Z,34,10-Q,001-09210,221369191,,8859487,1,1,oxy-20220930.htm,10-Q,OXY,https://www.sec.gov/ixviewer/ix.html?doc=/Archives/edgar/data/797468/000079746822000036/oxy-20220930.htm
0000797468-22-000030,2022-08-02,2022-06-30,2022-08-02T16:28:51.000Z,34,10-Q,001-09210,221129104,,8577109,1,1,oxy-20220630.htm,10-Q,OXY,https://www.sec.gov/ixviewer/ix.html?doc=/Archives/edgar/data/797468/000079746822000030/oxy-20220630.htm
0000797468-22-000018,2022-05-10,2022-03-31,2022-05-10T16:21:05.000Z,34,10-Q,001-09210,22909990,,6853138,1,1,oxy-20220331.htm,10-Q,OXY,https://www.sec.gov/ixviewer/ix.html?doc=/Archives/edgar/data/797468/000079746822000018/oxy-20220331.htm
0000797468-22-000008,2022-02-24,2021-12-31,2022-02-24T16:21:50.000Z,34,10-K,001-09210,22671322,,27444660,1,1,oxy-20211231.htm,10-K,OXY,https://www.sec.gov/ixviewer/ix.html?doc=/Archives/edgar/data/797468/000079746822000008/oxy-20211231.htm
0000797468-21-000036,2021-11-04,2021-09-30,2021-11-04T16:19:14.000Z,34,10-Q,001-09210,211380274,,8822188,1,1,oxy-20210930.htm,10-Q,OXY,https://www.sec.gov/ixviewer/ix.html?doc=/Archives/edgar/data/797468/000079746821000036/oxy-20210930.htm
0000797468-21-000028,2021-08-03,2021-06-30,2021-08-03T16:19:49.000Z,34,10-Q,001-09210,211140058,,8876398,1,1,oxy-20210630.htm,10-Q,OXY,https://www.sec.gov/ixviewer/ix.html?doc=/Archives/edgar/data/797468/000079746821000028/oxy-20210630.htm
0000797468-21-000017,2021-05-10,2021-03-31,2021-05-10T16:18:29.000Z,34,10-Q,001-09210,21907484,,7457091,1,1,oxy-20210331.htm,10-Q,OXY,https://www.sec.gov/ixviewer/ix.html?doc=/Archives/edgar/data/797468/000079746821000017/oxy-20210331.htm
0000797468-21-000009,2021-02-26,2020-12-31,2021-02-26T16:20:04.000Z,34,10-K,001-09210,21689145,,27487284,1,1,oxy-20201231.htm,10-K,OXY,https://www.sec.gov/ixviewer/ix.html?doc=/Archives/edgar/data/797468/000079746821000009/oxy-20201231.htm
0000797468-20-000033,2020-11-09,2020-09-30,2020-11-09T16:17:41.000Z,34,10-Q,001-09210,201297918,,12752215,1,1,oxy-20200930.htm,10-Q,OXY,https://www.sec.gov/ixviewer/ix.html?doc=/Archives/edgar/data/797468/000079746820000033/oxy-20200930.htm
0000797468-20-000027,2020-08-10,2020-06-30,2020-08-10T16:11:09.000Z,34,10-Q,001-09210,201089470,,17631709,1,1,oxy-20200630.htm,10-Q,OXY,https://www.sec.gov/ixviewer/ix.html?doc=/Archives/edgar/data/797468/000079746820000027/oxy-20200630.htm
0000797468-20-000010,2020-05-06,2020-03-31,2020-05-06T08:58:13.000Z,34,10-Q,001-09210,20851385,,12961228,1,1,oxy-20200331.htm,10-Q,OXY,https://www.sec.gov/ixviewer/ix.html?doc=/Archives/edgar/data/797468/000079746820000010/oxy-20200331.htm
0000797468-20-000004,2020-02-28,2019-12-31,2020-02-27T21:59:03.000Z,34,10-K,001-09210,20665475,,30347021,1,1,oxy10k12-31x2019.htm,10-K,OXY,https://www.sec.gov/ixviewer/ix.html?doc=/Archives/edgar/data/797468/000079746820000004/oxy10k12-31x2019.htm
0000797468-19-000016,2019-11-04,2019-09-30,2019-11-04T17:09:33.000Z,34,10-Q,001-09210,191190690,,17769379,1,1,oxyform10q93019.htm,10-Q,OXY,https://www.sec.gov/ixviewer/ix.html?doc=/Archives/edgar/data/797468/000079746819000016/oxyform10q93019.htm
0000797468-19-000012,2019-07-31,2019-06-30,2019-07-31T17:04:40.000Z,34,10-Q,001-09210,19989592,,10970605,1,1,oxyform10q63019.htm,10-Q,OXY,https://www.sec.gov/ixviewer/ix.html?doc=/Archives/edgar/data/797468/000079746819000012/oxyform10q63019.htm
0000797468-19-000007,2019-05-06,2019-03-31,2019-05-06T17:04:39.000Z,34,10-Q,001-09210,19800173,,6875970,1,0,oxyform10q33119.htm,10-Q,OXY,https://www.sec.gov/ixviewer/ix.html?doc=/Archives/edgar/data/797468/000079746819000007/oxyform10q33119.htm
0000797468-19-000004,2019-02-21,2018-12-31,2019-02-21T17:29:15.000Z,34,10-K,001-09210,19623042,,21657268,1,0,oxy10k12-31x2018.htm,10-K,OXY,https://www.sec.gov/ixviewer/ix.html?doc=/Archives/edgar/data/797468/000079746819000004/oxy10k12-31x2018.htm
0000797468-18-000017,2018-11-05,2018-09-30,2018-11-05T16:27:58.000Z,34,10-Q,001-09210,181160223,,6720992,1,0,oxyform10q93018.htm,10-Q,OXY,https://www.sec.gov/ixviewer/ix.html?doc=/Archives/edgar/data/797468/000079746818000017/oxyform10q93018.htm
0000797468-18-000014,2018-08-08,2018-06-30,2018-08-08T16:54:25.000Z,34,10-Q,001-09210,181002115,,7681794,1,0,oxyform10q63018.htm,10-Q,OXY,https://www.sec.gov/ixviewer/ix.html?doc=/Archives/edgar/data/797468/000079746818000014/oxyform10q63018.htm
0000797468-18-000008,2018-05-08,2018-03-31,2018-05-08T16:25:29.000Z,34,10-Q,001-09210,18814986,,6018432,1,0,oxyform10q33118.htm,10-Q,OXY,https://www.sec.gov/ixviewer/ix.html?doc=/Archives/edgar/data/797468/000079746818000008/oxyform10q33118.htm
0000797468-18-000005,2018-02-23,2017-12-31,2018-02-23T17:19:51.000Z,34,10-K,001-09210,18637718,,22172381,1,0,oxy10k12-31x2017.htm,10-K,OXY,https://www.sec.gov/ixviewer/ix.html?doc=/Archives/edgar/data/797468/000079746818000005/oxy10k12-31x2017.htm
0000797468-17-000025,2017-11-01,2017-09-30,2017-11-01T16:24:43.000Z,34,10-Q,001-09210,171169279,,5642080,1,0,oxyform10q93017.htm,10-Q,OXY,https://www.sec.gov/ixviewer/ix.html?doc=/Archives/edgar/data/797468/000079746817000025/oxyform10q93017.htm
0000797468-17-000019,2017-08-02,2017-06-30,2017-08-02T16:24:04.000Z,34,10-Q,001-09210,171000245,,5994768,1,0,oxyform10q63017.htm,10-Q,OXY,https://www.sec.gov/ixviewer/ix.html?doc=/Archives/edgar/data/797468/000079746817000019/oxyform10q63017.htm
0000797468-17-000007,2017-05-04,2017-03-31,2017-05-04T17:05:27.000Z,34,10-Q,001-09210,17815006,,4650139,1,0,oxyform10q33117.htm,10-Q,OXY,https://www.sec.gov/ixviewer/ix.html?doc=/Archives/edgar/data/797468/000079746817000007/oxyform10q33117.htm
0000797468-17-000003,2017-02-23,2016-12-31,2017-02-23T09:54:15.000Z,34,10-K,001-09210,17631039,,22692088,1,0,oxy10k12-31x2016.htm,10-K,OXY,https://www.sec.gov/ixviewer/ix.html?doc=/Archives/edgar/data/797468/000079746817000003/oxy10k12-31x2016.htm
0000797468-16-000039,2016-11-01,2016-09-30,2016-11-01T16:07:24.000Z,34,10-Q,001-09210,161964834,,6342136,1,0,oxyform10q93016.htm,10-Q,OXY,https://www.sec.gov/ixviewer/ix.html?doc=/Archives/edgar/data/797468/000079746816000039/oxyform10q93016.htm
0000797468-16-000036,2016-08-03,2016-06-30,2016-08-03T17:11:09.000Z,34,10-Q,001-09210,161804750,,6192423,1,0,oxyform10q63016.htm,10-Q,OXY,https://www.sec.gov/ixviewer/ix.html?doc=/Archives/edgar/data/797468/000079746816000036/oxyform10q63016.htm
0000797468-16-000023,2016-05-05,2016-03-31,2016-05-05T17:07:37.000Z,34,10-Q,001-09210,161624867,,4821817,1,0,oxyform10q33116.htm,10-Q,OXY,https://www.sec.gov/ixviewer/ix.html?doc=/Archives/edgar/data/797468/000079746816000023/oxyform10q33116.htm
0000797468-16-000017,2016-02-26,2015-12-31,2016-02-26T12:08:12.000Z,34,10-K,001-09210,161459726,,21425292,1,0,oxy10k12-31x2015.htm,10-K,OXY,https://www.sec.gov/ixviewer/ix.html?doc=/Archives/edgar/data/797468/000079746816000017/oxy10k12-31x2015.htm
0000797468-15-000014,2015-10-30,2015-09-30,2015-10-29T18:04:22.000Z,34,10-Q,001-09210,151184865,,5942302,1,0,oxyform10q93015.htm,10-Q,OXY,https://www.sec.gov/ixviewer/ix.html?doc=/Archives/edgar/data/797468/000079746815000014/oxyform10q93015.htm
0000797468-15-000012,2015-08-04,2015-06-30,2015-08-03T18:14:14.000Z,34,10-Q,001-09210,151023571,,6634990,1,0,oxyform10q63015.htm,10-Q,OXY,https://www.sec.gov/ixviewer/ix.html?doc=/Archives/edgar/data/797468/000079746815000012/oxyform10q63015.htm
0000797468-15-000006,2015-05-06,2015-03-31,2015-05-06T16:21:22.000Z,34,10-Q,001-09210,15837292,,5805714,1,0,oxyform10q3312015.htm,10-Q,OXY,https://www.sec.gov/ixviewer/ix.html?doc=/Archives/edgar/data/797468/000079746815000006/oxyform10q3312015.htm
0000797468-15-000003,2015-02-23,2014-12-31,2015-02-23T16:23:58.000Z,34,10-K,001-09210,15639960,,24436642,1,0,oxy10k12-31x2014.htm,10-K,OXY,https://www.sec.gov/ixviewer/ix.html?doc=/Archives/edgar/data/797468/000079746815000003/oxy10k12-31x2014.htm
0000797468-14-000079,2014-10-31,2014-09-30,2014-10-30T17:41:28.000Z,34,10-Q,001-09210,141184200,,10318702,1,0,oxyform10q9302014.htm,10-Q,OXY,https://www.sec.gov/ixviewer/ix.html?doc=/Archives/edgar/data/797468/000079746814000079/oxyform10q9302014.htm
0000797468-14-000073,2014-08-05,2014-06-30,2014-08-05T10:35:21.000Z,34,10-Q,001-09210,141015012,,10111131,1,0,oxyform10q63014.htm,10-Q,OXY,https://www.sec.gov/ixviewer/ix.html?doc=/Archives/edgar/data/797468/000079746814000073/oxyform10q63014.htm
0001445305-14-001808,2014-05-05,2014-03-31,2014-05-05T12:07:11.000Z,34,10-Q,001-09210,14812204,,8744370,1,0,oxy10q3312014.htm,10-Q,OXY,https://www.sec.gov/ixviewer/ix.html?doc=/Archives/edgar/data/797468/000144530514001808/oxy10q3312014.htm
0000797468-14-000011,2014-03-03,2013-12-31,2014-03-03T14:00:57.000Z,34,10-K,001-09210,14659668,,24750694,1,0,oxy10k12-31x2013.htm,10-K,OXY,https://www.sec.gov/ixviewer/ix.html?doc=/Archives/edgar/data/797468/000079746814000011/oxy10k12-31x2013.htm
0000797468-13-000106,2013-10-30,2013-09-30,2013-10-30T13:17:11.000Z,34,10-Q,001-09210,131178619,,11050867,1,0,oxy10q9302013.htm,10-Q,OXY,https://www.sec.gov/ixviewer/ix.html?doc=/Archives/edgar/data/797468/000079746813000106/oxy10q9302013.htm
0000950170-24-006884,2024-01-24,2023-12-31,2024-01-24T12:15:58.000Z,34,10-K,001-04601,24555287,,25184419,1,1,slb-20231231.htm,10-K,SLB,https://www.sec.gov/ixviewer/ix.html?doc=/Archives/edgar/data/87347/000095017024006884/slb-20231231.htm
0000950170-23-055042,2023-10-25,2023-09-30,2023-10-25T10:21:58.000Z,34,10-Q,001-04601,231344371,,10920952,1,1,slb-20230930.htm,10-Q,SLB,https://www.sec.gov/ixviewer/ix.html?doc=/Archives/edgar/data/87347/000095017023055042/slb-20230930.htm
0000950170-23-034590,2023-07-26,2023-06-30,2023-07-26T10:12:57.000Z,34,10-Q,001-04601,231110552,,12140566,1,1,slb-20230630.htm,10-Q,SLB,https://www.sec.gov/ixviewer/ix.html?doc=/Archives/edgar/data/87347/000095017023034590/slb-20230630.htm
0000950170-23-014656,2023-04-26,2023-03-31,2023-04-26T11:45:01.000Z,34,10-Q,001-04601,23848058,,8643756,1,1,slb-20230331.htm,10-Q,SLB,https://www.sec.gov/ixviewer/ix.html?doc=/Archives/edgar/data/87347/000095017023014656/slb-20230331.htm
0001564590-23-000762,2023-01-25,2022-12-31,2023-01-25T10:10:50.000Z,34,10-K,001-04601,23550102,,28590392,1,1,slb-10k_20221231.htm,10-K,SLB,https://www.sec.gov/ixviewer/ix.html?doc=/Archives/edgar/data/87347/000156459023000762/slb-10k_20221231.htm
0001564590-22-035199,2022-10-26,2022-09-30,2022-10-26T10:24:00.000Z,34,10-Q,001-04601,221331698,,10774298,1,1,slb-10q_20220930.htm,10-Q,SLB,https://www.sec.gov/ixviewer/ix.html?doc=/Archives/edgar/data/87347/000156459022035199/slb-10q_20220930.htm
0001564590-22-026594,2022-07-27,2022-06-30,2022-07-27T10:21:35.000Z,34,10-Q,001-04601,221109347,,10890080,1,1,slb-10q_20220630.htm,10-Q,SLB,https://www.sec.gov/ixviewer/ix.html?doc=/Archives/edgar/data/87347/000156459022026594/slb-10q_20220630.htm
0001564590-22-015889,2022-04-27,2022-03-31,2022-04-27T09:06:15.000Z,34,10-Q,001-04601,22856622,,8567158,1,1,slb-10q_20220331.htm,10-Q,SLB,https://www.sec.gov/ixviewer/ix.html?doc=/Archives/edgar/data/87347/000156459022015889/slb-10q_20220331.htm
0001564590-22-002421,2022-01-26,2021-12-31,2022-01-26T12:11:00.000Z,34,10-K,001-04601,22556725,,29759943,1,1,slb-10k_20211231.htm,10-K,SLB,https://www.sec.gov/ixviewer/ix.html?doc=/Archives/edgar/data/87347/000156459022002421/slb-10k_20211231.htm
0001564590-21-052182,2021-10-27,2021-09-30,2021-10-27T09:45:12.000Z,34,10-Q,001-04601,211351031,,13032499,1,1,slb-10q_20210930.htm,10-Q,SLB,https://www.sec.gov/ixviewer/ix.html?doc=/Archives/edgar/data/87347/000156459021052182/slb-10q_20210930.htm
0001564590-21-038547,2021-07-28,2021-06-30,2021-07-28T12:46:10.000Z,34,10-Q,001-04601,211121367,,12686008,1,1,slb-10q_20210630.htm,10-Q,SLB,https://www.sec.gov/ixviewer/ix.html?doc=/Archives/edgar/data/87347/000156459021038547/slb-10q_20210630.htm
0001564590-21-021157,2021-04-28,2021-03-31,2021-04-28T10:16:31.000Z,34,10-Q,001-04601,21862064,,9188342,1,1,slb-10q_20210331.htm,10-Q,SLB,https://www.sec.gov/ixviewer/ix.html?doc=/Archives/edgar/data/87347/000156459021021157/slb-10q_20210331.htm
0001564590-21-002477,2021-01-27,2020-12-31,2021-01-27T09:53:12.000Z,34,10-K,001-04601,21557154,,32772634,1,1,slb-10k_20201231.htm,10-K,SLB,https://www.sec.gov/ixviewer/ix.html?doc=/Archives/edgar/data/87347/000156459021002477/slb-10k_20201231.htm
0001564590-20-047045,2020-10-21,2020-09-30,2020-10-21T11:26:57.000Z,34,10-Q,001-04601,201249958,,14664345,1,1,slb-10q_20200930.htm,10-Q,SLB,https://www.sec.gov/ixviewer/ix.html?doc=/Archives/edgar/data/87347/000156459020047045/slb-10q_20200930.htm
0001564590-20-034137,2020-07-29,2020-06-30,2020-07-29T11:21:05.000Z,34,10-Q,001-04601,201056294,,13467100,1,1,slb-10q_20200630.htm,10-Q,SLB,https://www.sec.gov/ixviewer/ix.html?doc=/Archives/edgar/data/87347/000156459020034137/slb-10q_20200630.htm
0001564590-20-017823,2020-04-22,2020-03-31,2020-04-22T09:19:20.000Z,34,10-Q,001-04601,20806803,,9354338,1,1,slb-10q_20200331.htm,10-Q,SLB,https://www.sec.gov/ixviewer/ix.html?doc=/Archives/edgar/data/87347/000156459020017823/slb-10q_20200331.htm
0001564590-20-001578,2020-01-22,2019-12-31,2020-01-22T11:46:23.000Z,34,10-K,001-04601,20538173,,29218200,1,1,slb-10k_20191231.htm,10-K,SLB,https://www.sec.gov/ixviewer/ix.html?doc=/Archives/edgar/data/87347/000156459020001578/slb-10k_20191231.htm
0001564590-19-037505,2019-10-23,2019-09-30,2019-10-23T11:29:53.000Z,34,10-Q,001-04601,191163140,,13333219,1,1,slb-10q_20190930.htm,10-Q,SLB,https://www.sec.gov/ixviewer/ix.html?doc=/Archives/edgar/data/87347/000156459019037505/slb-10q_20190930.htm
0001564590-19-025739,2019-07-24,2019-06-30,2019-07-24T11:28:04.000Z,34,10-Q,001-04601,19969797,,11904028,1,1,slb-10q_20190630.htm,10-Q,SLB,https://www.sec.gov/ixviewer/ix.html?doc=/Archives/edgar/data/87347/000156459019025739/slb-10q_20190630.htm
0001564590-19-012635,2019-04-24,2019-03-31,2019-04-24T11:26:17.000Z,34,10-Q,001-04601,19763048,,7336890,1,0,slb-10q_20190331.htm,10-Q,SLB,https://www.sec.gov/ixviewer/ix.html?doc=/Archives/edgar/data/87347/000156459019012635/slb-10q_20190331.htm
0001564590-19-000928,2019-01-23,2018-12-31,2019-01-23T11:24:12.000Z,34,10-K,001-04601,19536819,,27943779,1,0,slb-10k_20181231.htm,10-K,SLB,https://www.sec.gov/ixviewer/ix.html?doc=/Archives/edgar/data/87347/000156459019000928/slb-10k_20181231.htm
0001564590-18-024846,2018-10-24,2018-09-30,2018-10-24T11:22:57.000Z,34,10-Q,001-04601,181135769,,10656177,1,0,slb-10q_20180930.htm,10-Q,SLB,https://www.sec.gov/ixviewer/ix.html?doc=/Archives/edgar/data/87347/000156459018024846/slb-10q_20180930.htm
0001564590-18-017379,2018-07-25,2018-06-30,2018-07-25T12:17:58.000Z,34,10-Q,001-04601,18968207,,11238087,1,0,slb-10q_20180630.htm,10-Q,SLB,https://www.sec.gov/ixviewer/ix.html?doc=/Archives/edgar/data/87347/000156459018017379/slb-10q_20180630.htm
0001564590-18-008981,2018-04-25,2018-03-31,2018-04-25T11:16:47.000Z,34,10-Q,001-04601,18773245,,8056089,1,0,slb-10q_20180331.htm,10-Q,SLB,https://www.sec.gov/ixviewer/ix.html?doc=/Archives/edgar/data/87347/000156459018008981/slb-10q_20180331.htm
0001564590-18-000821,2018-01-24,2017-12-31,2018-01-24T11:35:35.000Z,34,10-K,001-04601,18544496,,27080970,1,0,slb-10k_20171231.htm,10-K,SLB,https://www.sec.gov/ixviewer/ix.html?doc=/Archives/edgar/data/87347/000156459018000821/slb-10k_20171231.htm
0001564590-17-019977,2017-10-25,2017-09-30,2017-10-25T11:25:37.000Z,34,10-Q,001-04601,171152377,,10797091,1,0,slb-10q_20170930.htm,10-Q,SLB,https://www.sec.gov/ixviewer/ix.html?doc=/Archives/edgar/data/87347/000156459017019977/slb-10q_20170930.htm
0001564590-17-014007,2017-07-26,2017-06-30,2017-07-26T10:13:54.000Z,34,10-Q,001-04601,17981856,,10739342,1,0,slb-10q_20170630.htm,10-Q,SLB,https://www.sec.gov/ixviewer/ix.html?doc=/Archives/edgar/data/87347/000156459017014007/slb-10q_20170630.htm
0001564590-17-007214,2017-04-26,2017-03-31,2017-04-26T11:24:23.000Z,34,10-Q,001-04601,17782983,,8128946,1,0,slb-10q_20170331.htm,10-Q,SLB,https://www.sec.gov/ixviewer/ix.html?doc=/Archives/edgar/data/87347/000156459017007214/slb-10q_20170331.htm
0001564590-16-016687,2016-04-27,2016-03-31,2016-04-27T06:16:28.000Z,34,10-Q,001-04601,161593261,,9126558,1,0,slb-10q_20160331.htm,10-Q,SLB,https://www.sec.gov/ixviewer/ix.html?doc=/Archives/edgar/data/87347/000156459016016687/slb-10q_20160331.htm
0001564590-16-012009,2016-01-27,2015-12-31,2016-01-27T10:33:17.000Z,34,10-K,001-04601,161363311,,23226935,1,0,slb-10k_20151231.htm,10-K,SLB,https://www.sec.gov/ixviewer/ix.html?doc=/Archives/edgar/data/87347/000156459016012009/slb-10k_20151231.htm
